user_id,artist_id,fecha,notificaciones,interacciones
135,338,2023-08-14,True,12
517,461,2021-08-16,True,36
1346,130,2025-01-06,True,32
77,118,2021-12-17,True,10
891,128,2025-10-18,True,23
1308,135,2020-07-28,True,27
117,116,2024-07-09,False,16
910,158,2020-04-28,False,23
488,56,2020-02-29,True,20
1047,397,2022-07-26,True,44
1226,180,2024-01-15,False,48
1159,293,2025-10-20,True,50
1282,89,2026-01-05,False,16
648,68,2021-10-22,True,16
848,492,2020-03-15,True,39
1263,276,2021-01-27,False,8
1060,34,2026-03-04,False,48
1462,215,2021-01-13,False,30
1456,38,2020-06-09,True,23
1480,336,2020-12-13,True,23
2,222,2023-12-06,True,49
926,193,2024-10-08,False,48
77,55,2025-06-26,False,5
1263,14,2021-06-13,False,22
366,260,2020-10-04,False,16
29,265,2022-01-06,False,26
148,15,2021-05-06,False,39
993,105,2020-06-09,False,23
1084,120,2023-06-26,False,7
824,231,2021-12-09,False,41
185,32,2020-07-23,True,32
363,33,2020-07-20,True,34
674,2,2024-02-09,False,10
742,448,2022-01-09,False,1
1406,437,2026-04-08,True,4
759,106,2022-01-11,True,21
159,101,2020-03-11,False,29
1408,157,2021-05-04,True,5
1458,83,2024-08-17,True,31
1147,317,2025-12-11,False,8
97,496,2021-06-17,False,23
55,326,2020-02-08,True,22
612,136,2022-04-07,False,11
1100,499,2021-08-18,True,28
490,207,2020-08-28,False,23
426,353,2023-06-23,True,16
430,280,2022-06-07,False,10
494,332,2024-12-27,True,37
723,233,2022-07-06,False,11
268,23,2025-10-03,True,15
742,385,2025-11-02,False,32
1453,40,2020-05-18,True,29
32,337,2023-04-16,True,25
1207,37,2021-04-04,True,45
1367,466,2026-04-18,False,24
539,234,2022-04-09,False,29
1301,478,2022-07-31,False,8
870,425,2025-12-17,True,26
1251,144,2025-12-16,False,37
201,84,2025-03-28,True,16
805,170,2020-08-14,True,18
316,439,2024-07-20,True,16
492,276,2020-01-21,True,36
572,250,2024-08-30,False,14
1164,310,2022-11-02,False,36
461,73,2020-01-07,True,12
884,418,2023-02-09,False,27
868,318,2024-08-13,True,7
302,349,2025-02-05,True,18
195,498,2023-05-01,True,11
252,464,2022-03-18,False,30
21,74,2025-03-23,True,19
1293,91,2021-11-12,False,0
1046,9,2022-11-22,False,3
260,393,2026-03-24,False,6
648,481,2022-04-17,False,13
1034,43,2022-04-10,True,26
522,199,2026-03-10,True,1
887,304,2021-06-26,True,49
965,129,2020-04-05,True,50
1012,408,2024-07-09,True,35
564,38,2024-10-01,True,3
1022,380,2025-05-07,False,47
1148,233,2020-11-09,True,22
706,472,2024-07-18,False,33
1239,206,2020-03-07,False,36
328,64,2020-01-11,True,11
544,9,2021-04-16,False,28
592,53,2025-01-12,False,47
1143,198,2021-09-30,False,37
11,131,2021-07-31,True,15
1318,114,2025-11-28,False,32
1190,448,2021-09-08,True,35
1232,206,2023-09-13,False,6
1334,147,2025-08-01,True,23
407,279,2022-04-21,False,16
1117,200,2025-01-24,True,37
1373,37,2024-09-24,False,22
1161,484,2026-01-01,True,45
1208,300,2020-12-07,True,10
966,193,2024-09-14,True,15
783,128,2021-07-26,True,38
426,386,2021-09-26,False,48
693,445,2023-08-22,True,50
1041,201,2026-03-15,True,2
1072,131,2022-12-01,False,44
1385,248,2024-08-04,True,46
791,145,2025-04-03,True,34
195,412,2021-01-25,False,42
428,156,2022-07-09,True,6
999,166,2024-10-26,False,9
48,69,2023-11-27,True,12
557,1,2026-01-21,True,27
318,156,2021-02-23,False,19
1267,191,2021-05-16,False,40
1431,231,2023-02-24,True,44
1032,171,2022-07-02,False,9
277,173,2022-11-06,True,41
1015,362,2022-05-09,True,30
1009,173,2022-08-21,True,20
984,88,2023-07-30,False,50
1146,431,2024-07-09,False,1
1487,406,2024-10-15,True,22
153,17,2021-02-28,True,25
513,191,2022-07-16,False,27
684,19,2024-10-24,False,1
252,237,2021-11-25,False,33
1269,171,2026-02-13,True,28
1000,109,2022-07-28,False,47
306,492,2020-12-11,True,25
1132,147,2020-07-12,False,33
1190,213,2022-10-10,False,11
1074,326,2023-08-14,False,26
1475,52,2023-04-28,False,43
707,236,2024-11-07,False,37
749,249,2025-07-23,False,4
694,102,2022-03-10,True,20
788,310,2023-03-21,True,21
1101,342,2024-08-21,True,46
586,109,2021-09-13,False,9
531,122,2021-06-06,True,15
354,217,2023-06-19,True,48
1466,409,2022-03-23,True,50
141,404,2022-10-23,False,9
13,290,2023-02-08,False,10
1214,359,2021-11-18,False,16
1009,464,2021-06-17,False,24
507,413,2020-01-14,False,35
1198,125,2022-04-15,False,35
589,52,2025-08-08,False,43
1292,87,2021-05-21,False,37
537,7,2022-06-12,False,16
791,39,2020-05-12,False,27
103,396,2023-05-18,True,29
240,285,2022-04-05,True,40
133,425,2021-12-03,False,24
1104,246,2023-12-03,False,0
562,2,2021-05-11,False,30
812,226,2023-12-15,True,19
717,317,2022-11-10,True,14
1441,175,2020-01-16,True,17
588,271,2020-09-16,True,38
185,73,2024-01-28,True,38
1172,323,2025-03-06,True,19
185,94,2025-05-23,False,16
758,34,2020-05-11,False,2
861,348,2024-05-24,True,3
808,168,2021-01-14,True,36
879,427,2025-09-11,True,10
772,130,2020-06-06,True,23
80,205,2023-03-29,False,12
1167,215,2025-10-22,False,2
110,491,2022-10-26,True,0
1101,203,2022-09-27,True,15
1277,115,2023-09-18,False,11
153,80,2022-04-22,False,9
721,409,2020-02-04,False,13
298,21,2022-11-27,True,46
37,337,2024-10-12,True,23
331,207,2021-12-27,False,2
771,127,2022-12-16,True,16
371,480,2024-09-09,True,17
963,53,2021-09-07,True,12
1209,35,2024-05-07,False,16
1196,247,2021-11-17,True,45
497,223,2020-05-15,False,1
1415,333,2021-01-06,True,43
387,361,2025-08-19,False,5
975,389,2020-04-15,False,1
4,300,2023-11-01,False,17
354,130,2026-02-22,True,45
387,476,2025-10-29,True,5
467,31,2026-03-02,False,27
578,257,2020-04-28,True,47
572,223,2021-04-20,True,33
270,354,2022-03-09,False,8
1199,49,2025-02-03,True,19
590,285,2025-09-19,True,8
678,104,2020-05-04,False,30
33,95,2025-06-07,True,17
378,87,2023-12-10,False,6
1324,224,2021-08-10,True,6
1289,76,2021-09-10,False,23
755,479,2023-09-30,False,0
481,116,2023-01-27,True,26
51,223,2026-04-09,False,0
463,171,2021-01-13,False,12
1100,170,2020-06-09,True,0
1374,109,2023-03-04,False,6
146,446,2020-10-24,False,36
1419,255,2021-03-23,False,5
244,208,2023-03-19,True,36
485,186,2022-11-16,False,10
509,324,2026-03-30,True,28
638,249,2025-08-08,True,21
1124,384,2022-08-16,True,37
477,277,2020-11-23,True,32
901,327,2021-03-11,False,19
276,132,2022-07-05,False,49
59,110,2026-03-31,True,18
183,500,2026-02-18,False,34
1144,305,2022-01-06,True,45
890,293,2024-01-12,False,15
495,475,2025-09-22,True,43
606,455,2021-03-13,True,48
73,233,2026-02-23,False,18
772,38,2025-11-01,True,12
1066,167,2026-02-26,False,46
1436,17,2025-06-09,True,31
436,373,2023-02-18,False,50
881,309,2025-07-28,False,20
403,223,2022-07-12,False,30
297,231,2022-07-29,False,50
1386,253,2020-08-12,False,43
162,80,2025-01-17,False,32
922,141,2025-11-13,True,6
444,84,2022-07-20,False,19
1173,34,2021-06-23,False,22
451,109,2025-05-12,False,38
1276,50,2022-06-16,False,29
528,191,2021-11-14,False,22
4,62,2023-07-04,False,42
1075,102,2020-11-28,False,7
1393,138,2021-12-12,True,22
703,252,2023-02-17,False,7
150,189,2022-09-23,True,14
703,263,2024-04-03,True,46
1497,308,2024-06-25,True,42
562,142,2024-07-12,True,5
879,256,2024-08-06,True,21
920,148,2022-01-10,True,7
1317,293,2021-02-18,True,32
207,66,2025-08-01,True,38
196,176,2023-04-16,True,49
713,4,2020-02-11,True,31
1116,310,2020-08-09,True,35
1251,87,2020-01-27,False,48
352,414,2021-05-25,False,20
280,91,2024-06-23,False,39
937,134,2026-04-09,False,14
1103,178,2020-01-02,True,25
852,10,2025-03-18,False,8
619,92,2022-08-19,False,9
1119,204,2021-05-22,True,27
1157,108,2025-11-19,False,27
688,242,2021-11-17,False,39
922,178,2020-05-24,True,6
1227,396,2021-05-26,True,11
1047,340,2023-12-29,True,22
1400,492,2023-01-26,False,26
227,369,2025-06-30,True,16
358,161,2022-11-19,True,13
24,48,2024-09-11,False,3
1076,84,2021-09-30,True,40
1091,18,2023-09-19,False,31
432,130,2021-05-09,False,10
1329,463,2021-07-24,True,37
591,320,2020-09-05,False,28
1276,249,2021-09-08,False,39
656,441,2024-03-25,True,11
888,364,2025-10-01,False,25
1215,84,2025-12-08,False,33
1377,47,2025-03-29,True,0
1011,117,2021-11-11,False,45
8,155,2021-05-01,False,44
804,345,2022-10-12,False,4
1237,470,2023-03-31,False,43
506,351,2022-12-21,False,23
870,72,2025-11-28,False,23
292,486,2025-04-07,True,48
1361,115,2021-09-30,False,8
364,316,2022-12-25,True,13
225,138,2022-08-20,False,33
844,46,2024-05-16,False,48
503,447,2025-01-01,False,7
950,35,2020-06-19,False,34
1008,330,2020-05-25,False,10
763,461,2021-02-13,False,0
744,450,2023-12-05,False,14
87,323,2022-09-18,True,13
1449,202,2024-12-16,True,27
364,403,2022-07-28,False,49
1449,182,2021-05-05,True,23
1129,239,2022-08-18,True,38
808,157,2022-06-17,True,10
1116,242,2020-10-04,True,21
225,329,2025-12-04,True,0
806,124,2023-10-04,False,43
1030,368,2022-01-22,False,39
1218,224,2025-07-07,False,40
1271,374,2022-09-02,False,39
442,239,2024-03-25,True,9
309,147,2021-06-03,True,41
338,166,2023-08-12,True,32
195,259,2020-10-27,True,3
84,104,2025-01-14,False,50
698,115,2020-03-18,True,23
1175,401,2021-05-29,False,47
891,460,2020-11-13,True,23
741,389,2021-12-07,True,25
711,18,2024-01-15,False,21
607,22,2026-01-01,False,5
344,306,2023-10-28,True,8
753,424,2021-06-13,False,20
1383,436,2021-10-16,False,23
1197,75,2021-10-27,True,40
920,162,2024-04-06,False,1
1281,362,2020-01-12,False,11
1095,123,2023-04-14,False,21
329,141,2024-02-28,False,2
1008,26,2022-01-10,True,35
557,73,2020-05-11,False,27
279,495,2022-11-24,True,5
332,16,2021-10-03,False,24
1072,490,2020-08-27,False,50
873,199,2022-02-28,False,3
178,81,2022-08-28,False,41
1268,387,2025-12-17,True,23
1020,415,2025-03-05,True,17
637,183,2021-10-08,False,9
195,346,2021-10-20,False,41
1332,279,2023-01-07,True,17
1129,449,2021-08-19,False,32
1286,119,2025-07-12,False,45
765,38,2025-10-26,False,23
1213,400,2023-09-30,False,35
119,172,2022-12-26,False,13
443,67,2024-11-06,False,28
1317,269,2022-06-17,False,26
36,278,2022-10-29,False,45
404,310,2021-06-18,False,9
608,365,2026-02-13,False,45
698,22,2024-04-21,True,7
1484,262,2020-11-08,False,22
1346,138,2021-11-28,False,20
1487,70,2022-11-08,True,47
1409,460,2020-11-25,False,15
227,314,2024-07-21,False,36
1234,170,2020-02-11,False,42
1095,180,2021-06-12,False,39
56,313,2020-09-19,True,50
1485,191,2023-09-18,True,9
131,204,2020-07-09,False,16
1496,147,2021-08-09,True,0
822,266,2026-03-28,False,17
1117,334,2020-07-06,True,27
45,74,2025-08-02,True,32
893,463,2021-10-10,True,21
959,323,2023-07-03,False,0
189,146,2024-05-20,True,13
671,450,2022-06-07,True,46
1032,498,2020-11-30,False,43
1472,419,2022-03-12,True,0
1419,81,2020-03-29,True,24
1108,320,2023-09-07,False,24
261,376,2023-03-30,True,2
49,121,2021-03-14,True,24
514,242,2022-03-12,True,49
710,165,2024-08-12,True,5
1062,312,2024-05-13,False,10
143,52,2025-04-07,True,19
948,491,2022-09-30,False,11
1398,141,2026-01-10,True,30
286,94,2026-03-10,True,9
773,442,2023-09-12,False,44
1285,24,2020-11-07,False,35
304,248,2024-01-02,True,40
119,119,2023-06-21,True,24
965,73,2025-06-12,True,6
156,333,2022-06-02,True,21
1051,124,2023-12-22,True,38
108,339,2024-09-18,False,32
473,25,2020-04-02,False,24
1345,138,2024-07-22,True,7
1106,80,2025-02-07,True,38
1016,120,2024-04-09,True,38
785,186,2021-01-21,True,20
1314,365,2025-12-21,True,0
581,371,2022-11-04,False,27
542,319,2023-10-04,True,40
549,345,2021-01-10,False,18
753,393,2020-05-02,True,8
781,311,2021-11-02,False,22
1324,170,2022-09-07,True,47
1225,66,2023-01-04,True,20
186,231,2024-11-01,False,22
365,462,2021-04-23,True,36
6,314,2020-03-14,False,42
1437,197,2025-10-20,False,50
593,382,2021-08-30,True,40
26,355,2024-03-21,False,22
198,427,2024-02-18,True,6
1291,50,2023-01-19,False,28
466,85,2024-03-20,True,41
329,45,2026-01-09,True,39
306,397,2025-01-01,False,30
141,164,2022-07-25,True,17
524,173,2023-06-15,False,41
1297,151,2021-10-22,False,41
706,321,2020-08-15,True,6
168,382,2023-05-21,True,44
509,91,2023-10-27,False,44
994,150,2021-06-23,False,35
137,252,2025-10-04,True,43
566,491,2021-11-24,False,29
418,190,2025-03-18,False,5
747,364,2021-12-31,False,0
171,174,2022-10-29,True,2
1312,365,2025-01-25,True,4
1019,450,2022-05-14,False,25
1236,487,2023-12-20,False,19
718,316,2024-04-26,True,9
906,203,2022-09-27,True,41
858,63,2023-03-11,False,40
503,226,2024-02-05,True,21
430,253,2022-07-03,False,5
357,445,2023-07-18,False,26
697,165,2022-09-08,True,7
1254,170,2025-04-30,True,39
206,17,2025-10-01,False,11
1094,26,2025-03-14,True,1
310,497,2024-11-15,False,22
1360,453,2022-04-23,False,40
758,255,2022-07-05,False,4
125,471,2020-02-25,True,23
1496,392,2024-03-23,False,10
19,20,2023-05-13,False,27
853,244,2023-03-06,True,30
459,334,2020-06-12,True,38
1188,374,2022-02-12,False,15
671,197,2021-06-27,False,27
665,354,2022-03-31,True,41
1227,81,2021-02-27,False,35
1329,431,2025-11-27,True,29
1474,490,2021-10-01,True,14
1007,184,2024-06-27,True,15
54,397,2025-04-28,True,32
1385,435,2024-10-13,True,16
409,462,2020-01-18,True,14
1369,200,2021-03-31,False,29
375,442,2021-04-16,False,1
275,64,2024-09-07,True,19
1126,109,2025-09-02,True,29
1044,293,2021-03-12,False,27
1295,73,2021-01-16,False,5
852,101,2022-07-06,True,26
789,389,2022-10-07,True,40
554,142,2021-08-24,False,44
1098,228,2023-06-27,True,12
884,336,2022-02-02,True,32
882,355,2025-11-04,True,37
1136,250,2024-06-09,True,21
684,176,2023-08-11,False,27
36,273,2024-08-23,True,30
360,234,2023-06-17,False,14
1077,490,2025-10-17,False,12
1182,75,2023-12-19,False,42
988,440,2024-08-27,True,17
1421,353,2024-02-06,False,21
1314,56,2021-08-08,True,0
428,359,2024-09-15,False,16
1354,480,2020-04-27,False,16
1231,332,2025-06-09,True,49
710,238,2024-08-03,True,19
1353,385,2026-03-28,False,44
1460,272,2024-12-29,False,27
1454,37,2022-08-23,False,15
57,464,2024-03-20,False,35
795,388,2021-11-05,False,46
1143,108,2020-11-19,True,9
1081,439,2023-03-17,False,13
1364,325,2022-04-06,True,10
1403,249,2021-02-03,False,36
1250,385,2022-11-24,True,43
1195,425,2021-07-23,True,23
909,293,2022-02-21,True,0
639,489,2026-01-13,False,8
891,371,2022-09-01,False,19
1126,39,2020-12-23,True,43
715,52,2020-11-21,True,8
975,4,2021-07-14,False,41
855,496,2024-10-06,False,23
689,472,2023-04-07,True,34
1416,331,2020-01-08,False,48
595,34,2024-09-09,True,6
152,420,2022-07-31,False,14
1092,275,2023-12-27,False,17
233,305,2025-02-12,False,24
13,466,2022-05-02,False,6
412,238,2024-04-22,False,41
62,297,2020-12-12,True,11
261,334,2020-09-02,True,40
497,369,2023-03-08,True,33
160,148,2022-10-17,False,40
1338,447,2022-02-12,True,21
940,240,2024-01-08,False,23
413,281,2022-12-22,False,11
297,253,2026-01-06,True,5
1297,444,2020-01-26,False,11
39,336,2025-03-30,False,43
179,223,2025-10-05,False,46
219,341,2025-08-12,True,25
898,311,2020-06-14,False,7
1350,51,2022-03-06,False,35
1279,277,2025-11-01,True,1
967,188,2024-09-25,True,33
169,188,2025-03-25,False,19
1355,366,2020-08-01,True,50
423,131,2022-11-08,True,32
76,120,2020-10-12,False,11
593,290,2021-03-07,False,23
403,396,2025-09-27,False,12
180,52,2024-07-03,False,33
672,325,2020-02-29,False,27
320,434,2024-07-02,True,2
1348,169,2025-08-20,False,49
1443,296,2023-08-25,False,2
430,464,2020-10-05,False,7
827,432,2020-10-03,True,48
821,235,2025-12-06,False,7
1267,161,2022-10-18,True,46
983,419,2025-08-21,False,41
932,4,2020-10-22,True,37
849,231,2024-12-18,True,46
1352,352,2022-09-26,False,42
199,214,2020-08-26,False,20
124,427,2024-05-22,False,42
836,482,2022-06-16,True,4
562,451,2025-02-18,True,27
818,117,2021-04-28,True,1
1,313,2021-02-01,True,28
752,330,2025-02-27,True,10
1375,437,2024-05-26,True,49
1492,196,2021-04-09,False,33
771,134,2024-08-17,False,44
426,443,2022-08-31,True,5
431,82,2025-05-11,True,28
57,198,2022-12-30,False,39
1062,295,2022-01-05,False,23
357,308,2021-06-10,True,47
98,182,2021-01-02,True,46
298,280,2020-07-09,True,43
673,4,2023-07-31,True,31
366,449,2021-08-30,False,14
698,100,2024-12-24,False,46
1215,3,2021-12-28,True,16
1314,343,2025-05-05,False,11
812,64,2023-10-18,False,31
313,301,2024-01-04,True,2
1006,193,2022-10-31,True,15
665,20,2021-04-13,True,11
926,334,2020-06-05,False,47
380,435,2020-01-16,False,22
508,370,2021-12-04,False,38
876,433,2022-05-17,False,19
1144,490,2026-04-16,True,11
988,69,2024-12-01,False,13
579,126,2024-02-04,False,21
801,48,2022-12-25,False,3
758,95,2023-01-21,True,26
305,461,2022-06-26,True,49
373,75,2020-03-19,True,30
951,180,2023-11-13,False,36
146,84,2025-06-10,True,34
381,373,2020-03-24,True,19
573,206,2026-04-13,False,21
226,303,2024-04-04,True,39
1025,330,2021-12-29,False,1
642,369,2024-11-08,False,5
1451,316,2024-07-17,True,36
1107,170,2022-07-21,True,39
1158,187,2025-03-28,False,5
246,156,2022-11-16,True,36
461,248,2023-01-18,True,4
1238,497,2024-08-29,True,42
421,62,2025-06-08,True,2
514,443,2022-03-24,True,10
1295,366,2024-01-30,False,37
356,76,2025-08-21,True,49
1462,127,2020-06-15,False,29
366,499,2020-02-03,True,15
856,210,2023-01-15,False,44
1396,108,2024-11-03,False,9
1040,138,2023-07-17,False,40
581,388,2025-09-18,True,49
1232,121,2023-03-28,True,0
466,43,2025-08-01,True,38
364,18,2020-04-08,False,18
1016,55,2023-10-11,True,42
1486,407,2022-08-25,False,20
950,298,2024-02-26,True,30
1293,374,2023-06-21,False,23
319,449,2025-08-16,False,33
1320,375,2023-07-05,False,15
183,429,2020-10-12,False,28
1324,158,2025-05-31,False,7
1353,113,2026-04-14,False,43
805,238,2020-01-12,True,6
17,428,2022-02-24,True,50
874,153,2023-03-03,False,25
525,299,2022-08-10,False,19
1353,253,2025-01-17,True,2
159,404,2025-02-09,True,18
603,280,2025-02-11,False,47
1273,420,2022-09-09,False,8
892,327,2024-08-31,False,17
223,111,2023-04-29,True,16
1368,312,2022-02-23,False,21
1428,355,2024-11-03,True,36
907,452,2025-08-27,False,3
758,389,2021-08-19,False,25
46,499,2022-06-11,False,17
792,174,2026-01-20,False,35
97,449,2023-05-31,False,36
575,430,2023-05-01,True,22
1160,96,2025-03-18,False,21
1144,88,2022-09-09,True,45
123,102,2022-04-18,True,13
1093,20,2022-07-18,True,15
767,81,2020-03-11,False,27
342,268,2024-07-14,False,25
642,22,2021-02-21,False,4
419,37,2023-02-17,True,34
1042,136,2023-07-05,True,28
100,264,2024-11-05,False,34
885,288,2023-10-23,True,44
769,223,2023-06-29,False,15
1175,324,2022-07-26,False,22
1275,377,2024-05-19,True,39
566,465,2021-07-12,False,19
1041,233,2024-11-17,False,14
874,470,2024-08-13,False,28
982,402,2025-10-08,False,42
523,27,2024-08-11,False,16
1251,306,2022-02-25,True,47
1417,344,2025-06-17,True,48
271,451,2025-11-25,False,41
1053,6,2024-02-14,True,23
635,71,2023-02-12,True,16
1042,115,2020-07-28,False,23
468,274,2022-10-01,True,36
1242,30,2023-04-02,False,8
162,279,2022-05-16,True,32
945,123,2020-08-16,True,28
522,453,2022-06-25,False,7
289,24,2024-07-09,False,50
131,148,2020-11-23,True,24
420,29,2025-06-10,True,11
172,120,2020-05-30,True,32
1154,397,2022-07-17,True,14
990,4,2021-01-06,False,9
1173,394,2024-01-03,False,31
1080,304,2021-02-21,True,31
1440,449,2021-06-05,False,5
168,85,2024-10-02,True,2
1419,10,2022-03-25,False,11
32,269,2024-06-22,False,8
524,489,2022-11-29,True,12
1029,85,2020-02-08,True,44
814,197,2024-06-24,False,46
635,209,2020-05-02,False,32
364,40,2024-09-28,True,28
277,357,2023-08-06,False,42
118,219,2022-02-03,True,6
214,403,2020-11-16,False,27
1491,400,2025-12-20,False,21
534,208,2022-06-02,False,47
1282,446,2025-06-10,True,6
992,77,2021-09-24,True,11
142,258,2020-02-28,False,37
1455,435,2022-04-19,False,33
359,198,2022-10-13,False,44
983,113,2022-04-23,True,47
693,160,2024-04-15,False,46
732,329,2021-03-11,True,30
1093,146,2022-03-27,True,7
628,491,2025-10-30,False,35
505,37,2022-11-19,True,15
280,398,2023-10-14,True,38
659,472,2025-04-08,False,20
1486,339,2023-05-25,False,25
198,234,2022-06-01,False,5
796,112,2025-09-22,True,26
888,242,2024-02-09,False,19
1398,426,2025-09-24,False,10
630,412,2024-09-07,False,22
49,316,2022-03-19,True,2
649,363,2023-05-10,True,7
1497,301,2022-10-08,False,22
1130,327,2020-05-02,False,25
518,131,2021-11-02,False,42
150,21,2026-01-29,True,13
847,32,2026-01-25,False,26
863,205,2023-12-27,False,22
711,468,2022-02-08,False,35
175,466,2025-10-12,False,49
616,84,2021-08-06,False,35
571,242,2021-09-21,False,42
1082,292,2025-04-08,True,6
181,142,2024-05-04,False,39
1080,23,2025-01-14,False,25
489,459,2023-09-22,True,4
4,91,2024-08-22,True,29
13,282,2026-04-14,False,37
1216,346,2025-11-21,True,14
521,457,2021-12-12,False,21
903,401,2023-02-21,False,44
360,406,2022-09-06,False,27
1369,184,2023-08-14,True,6
1450,21,2024-02-10,False,26
1298,313,2021-12-14,False,22
887,319,2021-04-16,False,40
1114,257,2023-11-20,False,44
334,211,2025-03-10,True,25
315,492,2024-04-13,False,15
1011,446,2022-10-05,True,15
471,29,2020-04-25,True,22
203,176,2021-12-11,False,12
2,418,2020-05-13,False,23
831,144,2025-12-08,False,27
1258,370,2022-11-02,False,50
751,6,2024-01-05,True,28
932,43,2021-07-07,False,13
776,139,2020-07-19,False,34
1075,169,2022-09-03,True,34
1371,415,2020-05-22,False,6
1370,263,2021-01-10,True,11
485,161,2023-01-05,False,24
1359,88,2025-05-18,True,22
1133,294,2020-04-30,False,6
605,356,2024-11-30,True,17
573,103,2023-08-02,False,43
1297,383,2023-10-05,False,3
53,397,2024-01-06,False,13
470,383,2025-04-30,False,45
897,377,2022-12-14,False,7
171,289,2025-09-01,False,26
185,250,2020-02-09,False,40
1425,466,2021-04-30,False,21
336,430,2023-01-26,True,50
586,312,2025-03-13,True,4
1232,368,2021-07-23,True,6
1053,221,2023-05-28,True,14
771,180,2025-04-19,True,11
696,458,2025-11-04,False,41
126,184,2020-04-06,False,29
1268,105,2023-06-16,False,24
92,409,2022-09-14,True,34
245,447,2023-12-09,False,28
293,55,2021-06-21,False,47
1318,424,2024-08-02,False,13
195,148,2026-04-10,True,18
747,67,2021-10-11,False,14
252,95,2025-04-16,False,5
494,361,2022-11-11,False,50
1120,167,2020-02-07,False,4
380,309,2022-01-15,True,45
756,33,2020-02-23,False,2
126,225,2025-03-31,True,45
498,153,2024-11-10,True,7
1344,348,2022-12-04,False,26
651,121,2021-08-09,True,9
314,67,2021-06-08,False,26
889,267,2020-01-11,False,32
1037,476,2025-05-07,False,13
891,467,2023-12-15,True,10
1102,214,2023-05-10,True,22
749,143,2025-05-18,True,21
860,383,2026-02-09,False,45
72,119,2020-02-25,False,47
341,369,2024-10-19,True,44
255,365,2025-08-08,False,37
1394,494,2023-03-16,True,37
907,143,2020-01-03,False,4
517,327,2021-02-09,False,43
168,64,2023-01-22,False,41
1211,181,2020-01-06,True,20
1283,93,2020-02-08,False,34
466,159,2023-08-03,False,22
896,145,2025-07-12,False,30
1216,57,2024-02-13,True,32
144,316,2023-06-05,False,18
1314,192,2023-02-19,False,29
58,257,2025-09-20,False,36
208,143,2024-01-20,True,19
1456,41,2024-10-04,False,36
640,260,2024-06-05,True,39
1388,79,2021-03-29,True,46
1285,107,2025-09-09,True,0
366,398,2025-06-20,True,46
276,158,2020-06-22,False,48
296,382,2022-03-10,False,41
333,432,2023-05-27,False,11
140,403,2021-12-23,True,15
942,107,2025-03-05,False,6
1497,447,2021-01-21,False,24
1024,328,2024-11-18,True,16
945,161,2024-04-10,True,20
275,484,2022-06-03,False,10
1493,143,2025-05-20,True,40
1494,478,2025-04-02,True,50
989,346,2022-06-06,False,18
1221,399,2023-08-10,True,50
275,334,2023-03-27,True,47
712,146,2025-05-27,True,47
817,30,2022-04-19,False,2
81,242,2025-05-22,True,7
1013,100,2024-05-26,False,45
466,295,2024-12-21,False,28
366,419,2023-12-14,True,20
393,301,2025-03-19,True,29
444,290,2021-03-08,True,50
326,339,2025-07-03,True,28
1214,130,2022-07-01,True,35
396,328,2020-03-30,False,7
895,111,2023-12-22,False,34
768,302,2023-09-22,False,47
1005,200,2021-11-27,True,13
1289,250,2023-12-11,False,17
612,304,2021-06-02,False,22
1464,248,2024-04-17,False,19
1033,327,2022-01-10,False,14
228,169,2021-01-17,True,38
670,465,2021-10-25,False,9
1087,449,2020-11-07,False,42
46,49,2023-04-02,False,29
217,284,2022-10-17,True,10
559,327,2022-03-05,False,23
686,285,2020-01-12,False,31
939,173,2021-03-19,True,26
1027,36,2024-04-29,True,13
203,132,2023-12-03,False,2
142,227,2021-10-07,True,48
500,303,2020-04-29,True,12
742,478,2025-01-01,False,12
1276,499,2023-03-15,True,2
1135,374,2022-12-25,False,9
1275,127,2025-09-13,False,37
1050,158,2024-12-14,False,14
1200,419,2026-01-09,True,14
315,277,2022-07-31,False,42
66,184,2023-09-12,False,28
1372,235,2024-12-12,False,40
1347,296,2024-10-06,False,12
1188,409,2024-11-18,True,11
54,3,2024-11-29,False,39
1346,92,2024-02-10,True,30
1447,110,2024-11-08,True,9
527,446,2020-02-29,False,1
83,141,2024-09-11,False,0
1306,182,2021-11-19,True,38
1387,378,2024-04-03,False,40
1251,389,2024-08-05,False,13
235,302,2023-08-04,True,18
317,216,2024-07-17,False,1
679,376,2023-03-27,True,33
525,259,2024-02-23,True,23
292,270,2024-04-11,False,34
1267,358,2020-03-03,True,34
1308,326,2025-01-05,False,33
1171,248,2020-12-12,True,46
340,65,2026-04-08,False,11
597,96,2020-02-12,False,40
1228,20,2022-03-24,False,26
1141,348,2025-05-26,False,47
795,187,2020-03-25,True,34
632,59,2023-02-27,False,4
738,67,2023-06-01,False,12
1109,500,2025-04-19,False,32
1313,173,2025-11-20,False,15
1203,463,2024-05-29,False,2
697,44,2024-08-24,False,7
1233,217,2024-08-12,False,5
1176,392,2021-02-12,True,15
509,128,2021-08-04,True,18
151,314,2024-09-22,False,7
1268,337,2022-06-06,False,31
137,6,2022-11-26,True,20
1217,396,2020-08-25,True,5
880,267,2025-04-30,False,35
1325,41,2024-10-07,False,17
1190,44,2022-09-03,False,19
1322,376,2020-08-07,False,26
193,146,2025-06-17,False,48
777,115,2022-08-04,False,49
1035,219,2025-06-24,False,31
659,432,2025-01-15,True,37
894,295,2026-04-29,False,21
744,496,2021-11-27,False,36
174,451,2020-10-28,False,5
937,463,2026-01-14,False,26
1372,377,2023-06-06,False,49
1382,452,2020-09-27,True,36
503,302,2025-03-24,True,40
1096,436,2020-08-06,False,35
1151,270,2025-05-11,False,39
736,187,2026-03-25,True,42
215,320,2023-05-16,False,0
578,184,2023-11-14,True,41
1394,354,2022-07-05,False,11
105,394,2024-09-28,True,29
1092,268,2024-05-25,True,7
925,500,2020-06-25,False,50
1057,480,2020-10-23,False,9
1162,130,2020-02-15,True,19
940,19,2020-08-10,False,20
1493,226,2021-11-18,True,28
172,459,2023-09-20,False,16
788,361,2022-09-04,True,23
356,178,2020-03-20,True,31
699,404,2020-02-10,False,9
1190,330,2023-09-12,False,34
1286,53,2025-04-11,True,33
909,429,2021-11-06,True,33
1443,91,2024-09-30,False,10
982,458,2025-01-03,True,41
923,118,2020-08-18,False,12
1221,261,2023-12-13,False,32
1316,38,2022-08-03,False,22
48,142,2024-05-07,False,32
1411,109,2021-01-04,False,28
714,274,2025-06-02,False,50
716,78,2024-06-27,True,27
384,56,2022-05-01,False,12
1319,167,2021-05-12,True,22
761,375,2022-11-12,False,39
228,17,2024-02-12,True,9
232,186,2023-10-31,False,1
958,395,2024-01-13,True,40
1109,346,2022-10-31,True,6
1460,172,2024-12-24,False,36
17,148,2021-04-14,False,22
1480,294,2024-08-30,False,10
889,33,2023-12-26,False,49
424,320,2020-02-14,True,25
363,260,2023-04-20,False,47
1238,331,2020-11-11,False,39
1385,130,2026-04-26,True,13
964,1,2022-11-26,False,28
346,68,2022-08-19,True,1
429,451,2022-09-05,True,9
230,88,2026-01-01,False,42
547,145,2025-08-07,False,38
19,79,2022-06-06,True,41
994,134,2022-02-13,True,2
403,321,2023-04-05,False,45
494,128,2025-06-21,True,23
866,101,2021-07-28,True,9
767,386,2020-04-30,True,0
94,62,2022-02-27,False,30
623,183,2024-12-26,False,7
649,87,2023-03-04,True,40
427,99,2023-06-20,False,49
666,492,2022-12-23,False,17
559,32,2023-08-15,True,26
1211,376,2025-10-08,False,41
636,159,2022-01-17,False,7
794,186,2023-09-27,False,13
1265,410,2020-08-03,True,35
240,214,2024-03-15,True,35
1235,399,2020-10-16,False,15
203,179,2023-03-21,False,39
809,494,2023-11-13,False,4
1016,187,2021-11-03,True,10
163,103,2021-09-16,True,16
517,490,2020-09-15,True,43
235,254,2020-05-29,False,16
1362,338,2020-05-31,False,8
1162,83,2024-10-15,True,17
935,184,2024-08-16,False,39
1237,3,2024-09-12,True,40
618,347,2023-06-28,True,20
1345,352,2024-08-08,True,8
41,315,2023-10-11,False,49
263,85,2023-02-22,False,35
1242,215,2020-04-07,False,4
170,310,2024-05-05,True,21
47,108,2021-07-30,True,35
479,453,2021-08-17,False,14
1054,234,2024-04-28,False,39
627,483,2022-06-03,True,20
32,258,2021-11-28,False,8
1274,107,2021-11-14,True,18
870,418,2022-06-10,True,40
460,466,2022-03-12,True,48
1320,485,2022-11-15,True,3
39,89,2022-11-11,False,8
867,316,2023-11-26,False,4
536,145,2025-09-20,False,38
65,256,2020-09-11,True,44
625,281,2023-09-11,False,31
871,343,2023-07-25,False,10
664,372,2023-09-02,False,32
1174,138,2023-05-22,True,30
926,91,2023-11-30,True,28
809,143,2025-09-25,False,22
470,473,2026-04-15,True,19
1406,374,2021-06-16,False,7
744,491,2023-12-14,False,0
972,396,2021-11-07,False,28
144,105,2024-02-10,False,18
1038,95,2021-03-21,True,47
145,139,2022-10-22,True,25
948,54,2020-04-20,True,18
26,290,2025-09-22,False,25
1197,110,2020-04-03,True,31
648,389,2026-04-19,False,25
1489,271,2025-07-14,True,18
14,264,2025-02-25,False,5
1045,362,2024-10-21,True,11
1059,214,2020-12-12,False,50
534,14,2020-01-23,True,28
1353,30,2020-04-25,True,34
535,100,2023-07-01,True,43
660,114,2024-01-22,True,38
564,423,2020-11-02,False,0
464,270,2020-08-18,False,32
74,205,2023-02-27,False,37
1222,99,2024-01-27,True,47
534,226,2022-09-24,True,7
1352,318,2024-06-11,True,12
1125,253,2026-01-22,False,49
593,389,2022-02-04,False,6
159,490,2023-03-10,False,26
525,40,2021-07-03,True,43
262,429,2020-12-09,True,40
1176,378,2022-12-21,True,17
1183,251,2025-12-06,True,28
178,198,2020-12-16,False,32
90,184,2023-01-14,False,31
521,297,2021-02-12,False,26
327,454,2024-01-04,True,50
201,182,2022-08-09,True,47
993,225,2020-06-06,False,6
743,451,2021-12-13,False,22
1410,100,2023-08-15,False,48
327,64,2026-01-08,False,32
1094,273,2020-01-13,False,31
1102,62,2021-04-26,True,4
358,175,2020-09-19,True,21
40,177,2023-12-23,True,7
1269,306,2020-05-01,True,29
570,117,2024-12-03,True,14
1244,301,2023-10-29,False,5
1498,213,2020-06-12,True,36
562,452,2026-02-11,True,46
975,148,2021-12-05,False,35
1253,196,2024-06-05,False,34
1401,79,2022-02-03,True,39
960,94,2024-09-22,True,45
127,422,2020-09-15,False,20
695,487,2025-05-13,True,2
1286,434,2021-12-25,True,5
251,287,2020-03-05,False,21
666,21,2021-07-05,False,41
111,387,2021-03-04,False,36
1386,151,2024-02-10,False,23
121,339,2020-07-18,True,6
1142,290,2023-03-11,True,12
97,432,2023-12-23,False,23
210,266,2022-12-16,True,28
924,372,2023-05-14,True,29
1126,306,2025-05-08,True,19
966,182,2022-08-29,True,1
234,26,2026-04-23,False,14
128,187,2021-04-19,True,23
337,404,2025-06-17,False,15
1148,144,2025-09-01,False,25
752,195,2020-08-12,False,41
1441,238,2025-08-05,True,42
178,142,2024-09-29,False,48
1153,216,2023-01-20,True,32
263,121,2022-01-31,True,27
287,254,2020-12-10,False,2
849,218,2021-11-19,True,20
9,451,2023-10-11,True,42
730,177,2021-09-28,True,9
404,408,2025-05-01,True,15
1082,426,2025-05-25,True,14
1499,416,2025-09-03,False,15
1453,62,2022-06-21,True,26
352,12,2020-06-04,True,17
1345,105,2022-01-23,True,44
893,249,2020-03-25,False,17
706,426,2021-11-08,False,4
899,184,2023-01-10,True,31
673,230,2021-06-09,True,18
274,359,2020-09-01,False,10
334,165,2022-06-11,True,26
907,331,2021-06-29,False,34
257,76,2020-07-20,True,31
594,481,2024-10-16,True,15
126,370,2022-04-11,False,3
34,257,2020-07-22,False,17
85,319,2024-03-10,False,17
1120,470,2023-06-07,False,15
1028,289,2020-06-08,False,48
462,71,2021-04-06,True,30
1440,268,2020-06-26,False,21
372,424,2024-10-29,False,44
697,149,2022-06-16,True,37
1329,172,2021-09-30,True,23
1157,318,2025-03-14,True,18
1384,395,2020-04-06,True,36
53,255,2023-08-16,False,22
1095,284,2023-11-18,False,30
333,406,2025-04-07,True,42
64,167,2023-01-03,False,7
1296,433,2024-10-03,False,40
202,271,2026-01-13,True,49
628,65,2021-07-13,True,42
664,267,2024-10-12,True,25
652,467,2022-10-02,False,45
391,417,2023-10-20,True,22
321,18,2022-08-21,True,37
138,425,2023-08-31,True,31
1120,235,2023-12-08,False,14
1298,163,2020-10-05,True,39
834,397,2022-09-23,False,38
1152,263,2025-12-11,False,10
323,182,2022-05-04,False,21
339,163,2021-12-06,False,40
18,476,2025-12-13,False,7
695,105,2021-02-07,False,38
997,312,2022-12-19,True,18
622,434,2024-06-05,True,30
185,218,2026-03-14,True,45
837,292,2022-11-01,True,16
220,469,2021-09-04,False,40
516,260,2022-07-03,False,47
1486,194,2022-06-29,False,2
144,274,2021-12-24,True,48
1266,324,2022-01-11,True,46
1335,103,2020-11-30,False,18
949,245,2021-09-24,False,50
1366,129,2020-05-04,True,49
473,245,2023-12-01,True,13
1284,490,2020-06-02,True,29
1051,308,2024-10-01,True,22
184,282,2025-05-08,False,14
416,80,2024-01-19,False,18
598,94,2021-03-16,True,46
1348,270,2024-04-19,False,14
1338,441,2022-07-10,False,34
1099,144,2024-01-12,True,42
734,426,2021-04-28,False,24
1310,429,2020-06-19,True,30
42,424,2022-12-22,False,12
1077,198,2023-07-15,True,25
792,483,2023-12-25,False,24
981,311,2025-05-30,True,33
398,148,2026-01-10,True,2
615,228,2025-09-08,True,30
770,196,2021-01-17,True,19
801,402,2020-05-03,False,14
49,336,2025-10-23,False,48
1322,391,2024-02-05,True,29
840,241,2024-04-18,False,36
864,137,2023-11-29,False,9
249,116,2020-02-07,True,39
1125,430,2020-09-05,True,32
751,263,2026-02-23,True,38
782,299,2022-07-13,False,0
929,216,2025-05-17,False,17
432,96,2024-10-30,False,39
620,310,2022-12-20,False,40
246,46,2022-10-05,False,17
1249,215,2021-02-27,True,24
1076,12,2022-04-17,True,9
1172,456,2020-09-10,True,1
823,376,2021-07-21,True,10
1469,381,2023-01-03,False,11
766,172,2022-01-03,False,44
328,470,2025-12-03,True,7
1188,424,2022-07-26,True,31
268,287,2025-12-01,False,2
12,277,2023-12-02,True,21
706,27,2025-07-10,True,4
975,140,2026-02-13,True,22
738,289,2022-07-07,False,25
92,218,2020-08-23,False,49
610,56,2023-09-18,False,7
783,410,2020-02-20,False,29
470,386,2023-04-24,True,22
319,399,2023-11-16,False,15
582,140,2023-03-13,False,38
408,41,2024-01-13,True,4
486,244,2020-07-07,True,23
994,163,2026-03-23,True,26
713,490,2022-04-19,True,44
1006,23,2024-01-12,True,47
138,329,2023-01-23,True,7
380,439,2025-09-15,True,41
1326,446,2020-02-05,True,20
1499,455,2024-08-26,True,16
131,35,2025-12-27,True,14
669,242,2021-03-13,True,46
1342,412,2020-12-13,True,41
1230,177,2020-03-22,True,33
1283,221,2020-07-04,False,41
777,63,2024-05-06,True,10
1214,420,2022-03-10,True,1
1407,107,2025-07-10,True,22
206,164,2021-02-12,True,4
753,252,2020-07-21,False,19
852,167,2024-09-29,True,18
968,180,2022-02-06,True,24
1336,100,2025-06-10,True,43
806,146,2022-09-03,True,9
974,123,2020-04-27,True,8
139,437,2026-04-16,False,38
599,98,2021-12-08,False,44
1264,334,2022-10-07,False,10
382,220,2025-09-05,False,0
1010,10,2024-10-23,True,4
377,384,2022-06-25,False,15
509,210,2022-01-27,True,23
279,393,2023-01-02,False,34
1370,11,2020-12-30,False,2
185,292,2021-01-11,True,11
1152,369,2025-02-24,False,32
158,500,2020-01-06,True,43
224,253,2020-08-02,False,49
855,374,2026-02-07,True,2
815,384,2023-08-29,True,25
991,297,2025-02-15,False,38
976,447,2025-01-08,False,29
345,327,2020-12-24,False,16
516,206,2021-11-15,True,7
712,178,2021-06-23,True,35
813,352,2025-09-23,True,50
1282,354,2025-03-26,True,33
1185,197,2020-05-16,False,16
1105,149,2024-09-18,False,10
1402,92,2026-01-16,False,45
918,218,2021-02-16,False,35
856,483,2023-06-27,False,35
1337,154,2025-04-16,False,6
1362,5,2022-07-30,False,38
1084,405,2020-04-06,False,24
360,116,2024-03-28,True,5
352,420,2025-02-15,False,45
440,24,2023-08-28,True,39
1395,419,2023-05-21,True,30
733,476,2021-01-07,False,40
969,433,2021-11-22,True,10
814,252,2025-02-09,True,27
1418,372,2024-05-25,False,9
419,69,2020-03-22,False,45
669,403,2020-01-26,True,7
633,430,2023-04-21,False,7
623,318,2025-01-09,False,0
980,30,2023-07-16,False,3
139,263,2025-06-02,True,9
258,49,2022-07-06,False,22
30,175,2023-05-09,False,22
1463,233,2023-03-12,False,49
115,140,2025-07-30,True,24
1272,342,2022-09-26,False,35
355,49,2023-01-26,False,17
452,404,2024-06-17,False,44
606,365,2025-04-07,True,2
1349,390,2025-08-30,True,42
1212,233,2022-05-24,True,8
909,145,2024-09-07,True,12
755,67,2024-12-27,False,34
889,426,2021-09-23,False,4
1159,11,2024-08-05,False,4
1202,455,2025-11-10,False,28
441,272,2020-04-24,False,11
776,453,2023-04-01,False,13
768,92,2023-05-18,False,35
202,5,2021-07-30,True,24
433,58,2024-12-15,False,47
1098,48,2023-04-26,False,25
1258,294,2022-10-18,True,29
1095,147,2024-03-10,False,5
1034,358,2026-03-22,False,40
597,311,2021-08-02,True,39
1044,51,2020-10-07,False,23
677,222,2021-07-29,False,24
1193,305,2024-01-27,False,20
1180,380,2022-01-09,False,20
1232,362,2021-05-31,True,39
960,347,2023-04-15,False,40
439,409,2023-09-25,True,6
1489,500,2022-08-12,False,27
237,433,2025-12-04,True,27
805,288,2021-12-16,False,7
647,361,2024-07-31,False,6
1269,291,2020-05-23,False,46
105,233,2022-06-09,True,32
60,395,2021-12-27,False,25
406,348,2023-02-28,False,25
48,375,2021-11-07,True,11
275,322,2024-05-25,False,4
771,171,2020-07-02,True,40
1238,497,2024-07-19,True,27
214,375,2023-12-21,False,24
1262,303,2024-07-08,False,4
206,451,2024-06-16,False,39
1359,96,2022-11-16,False,5
606,365,2023-10-13,True,43
412,199,2022-05-10,True,47
79,361,2025-09-25,True,20
632,139,2022-09-23,True,35
1302,130,2020-12-02,False,38
1051,284,2026-01-11,True,47
1327,321,2022-01-06,True,36
311,173,2020-04-02,False,48
679,128,2025-09-07,True,15
26,493,2024-05-11,True,35
789,302,2020-12-09,False,38
812,159,2021-07-09,False,0
47,296,2024-11-02,False,41
88,21,2020-05-31,True,36
709,481,2022-08-28,False,0
441,248,2025-06-08,True,5
752,352,2025-03-05,True,18
1232,138,2021-01-28,False,2
599,109,2021-08-03,False,12
844,83,2022-12-06,False,18
1090,97,2024-07-10,True,35
563,56,2024-04-27,False,48
1105,54,2025-02-23,False,5
1049,139,2026-03-07,True,38
1076,337,2025-07-25,False,43
460,483,2025-04-09,True,8
442,354,2024-08-01,False,32
323,414,2022-01-20,False,3
1239,309,2024-02-28,False,0
1339,196,2023-09-20,True,33
601,123,2024-07-26,False,19
741,21,2020-08-25,True,47
929,331,2024-01-10,False,2
972,93,2023-03-20,True,49
454,157,2022-12-29,False,12
78,117,2025-11-01,False,4
834,23,2022-05-14,True,9
160,230,2023-02-15,True,40
756,459,2022-06-02,False,47
246,229,2020-08-05,True,49
217,313,2021-03-14,True,10
371,322,2025-08-16,True,12
646,471,2021-01-07,False,10
542,202,2022-04-26,False,48
976,130,2022-07-09,True,22
1328,380,2024-01-16,False,34
1216,36,2025-01-08,False,22
1030,166,2023-02-04,True,28
164,394,2026-03-11,True,8
821,447,2025-08-18,False,35
719,54,2023-04-30,False,5
117,405,2025-11-05,False,6
888,405,2025-05-15,False,16
891,15,2022-02-21,True,41
89,342,2023-06-30,False,6
716,217,2025-07-18,True,43
1157,412,2022-12-19,True,3
1130,22,2025-07-08,True,20
228,143,2022-06-02,False,18
561,67,2025-07-02,False,29
1329,351,2020-12-03,True,23
468,377,2020-04-07,False,39
1303,397,2020-09-17,True,1
1016,61,2024-09-07,True,45
816,337,2020-09-23,False,11
49,141,2020-02-15,False,23
574,345,2022-06-13,True,23
486,237,2026-03-06,False,22
136,67,2022-01-22,True,10
122,30,2021-03-05,False,44
755,286,2022-12-02,False,43
94,187,2021-05-12,True,16
1477,414,2026-04-26,False,24
1460,45,2022-07-25,False,43
434,126,2022-04-24,True,26
180,480,2020-06-03,True,41
1297,443,2021-12-22,False,22
1292,195,2021-09-21,False,5
947,169,2022-11-23,True,33
1311,96,2023-04-27,True,44
1128,313,2025-01-06,True,40
1162,480,2020-10-13,False,31
266,131,2024-10-14,True,1
1181,7,2022-11-10,False,6
407,446,2022-11-16,True,16
502,483,2021-08-11,False,28
414,435,2022-12-14,True,21
114,127,2024-07-18,False,28
90,306,2023-09-24,False,21
1463,96,2025-10-01,False,46
418,47,2026-01-10,False,14
285,59,2024-08-13,True,12
622,167,2021-04-30,False,33
37,253,2024-01-07,False,48
735,217,2021-07-30,True,14
648,320,2022-11-10,False,42
1203,407,2023-01-03,False,26
450,18,2021-03-05,False,19
653,111,2026-02-26,True,7
614,62,2024-06-18,False,44
357,236,2021-04-24,True,10
812,113,2022-09-17,False,27
544,354,2025-09-13,True,50
1271,46,2024-02-16,True,31
1058,62,2024-03-28,True,1
1292,166,2024-11-04,True,36
622,5,2024-06-30,True,16
658,158,2020-03-21,False,0
520,168,2021-07-03,False,10
351,179,2025-03-01,True,36
109,373,2025-01-27,True,23
306,396,2023-05-17,False,24
206,257,2022-05-11,True,31
678,118,2025-04-26,True,46
1277,258,2022-06-19,False,44
855,442,2021-05-08,True,23
421,336,2025-01-24,True,36
1276,93,2020-02-16,True,19
187,327,2020-07-08,False,42
1410,475,2025-10-09,False,31
1453,447,2022-08-07,False,39
232,350,2020-10-01,False,21
977,292,2023-01-09,False,0
761,130,2023-01-21,False,46
1446,271,2024-06-16,True,24
1267,158,2023-09-27,True,47
1128,141,2020-04-28,False,44
528,359,2021-01-08,True,41
686,88,2021-08-15,False,28
546,176,2025-12-08,False,30
999,244,2023-03-24,True,34
884,100,2025-02-06,False,23
1451,314,2025-03-20,True,24
1346,346,2021-07-03,True,23
1160,105,2025-03-30,True,44
1316,94,2024-04-16,True,47
706,148,2020-07-14,True,36
1222,486,2023-02-03,False,8
1053,123,2025-09-08,True,33
940,113,2025-09-07,True,23
1051,387,2023-01-15,False,46
1205,421,2024-11-19,True,13
676,282,2026-01-20,False,6
589,370,2022-09-21,False,4
1066,212,2024-09-03,False,31
1159,360,2021-03-02,True,42
580,393,2022-05-13,False,14
30,387,2020-06-16,False,46
676,257,2021-06-09,False,2
1330,132,2020-07-06,True,32
1300,203,2020-08-12,False,31
119,40,2022-05-18,True,39
1323,79,2021-09-23,False,6
6,250,2021-07-17,True,45
1025,373,2025-10-13,False,33
390,89,2022-02-14,True,4
401,264,2025-06-12,False,6
498,487,2021-01-04,True,6
1091,261,2022-08-01,False,24
641,268,2026-04-22,True,45
647,423,2023-08-11,True,37
145,135,2026-03-13,False,13
1273,255,2025-05-28,True,30
1128,248,2025-09-29,False,19
1171,304,2026-01-22,True,47
491,269,2024-05-11,True,44
402,3,2023-05-19,False,23
987,267,2021-09-22,True,2
664,11,2025-10-27,True,17
43,28,2024-09-02,True,9
227,51,2026-02-09,True,40
713,440,2021-07-17,True,24
175,204,2026-01-12,True,46
1219,271,2024-12-29,False,0
1184,311,2022-02-02,True,6
1266,219,2022-09-19,True,24
1145,124,2025-10-16,True,24
260,240,2022-03-09,True,38
1233,15,2020-08-11,False,45
189,479,2020-10-30,True,25
966,324,2025-10-26,True,32
1025,326,2025-12-17,True,1
1261,377,2024-04-27,False,7
968,342,2025-12-31,False,10
321,475,2020-01-07,True,27
806,493,2022-06-11,False,43
292,23,2024-12-22,False,32
915,123,2020-03-28,True,18
123,446,2020-08-26,True,40
464,437,2025-03-15,True,16
930,381,2024-04-29,False,2
932,172,2023-03-08,False,15
633,453,2022-06-14,False,41
651,381,2020-12-07,False,37
170,224,2025-06-28,True,28
263,202,2021-09-06,False,29
216,61,2020-12-10,False,48
1049,189,2020-09-06,True,35
1097,191,2024-04-05,True,45
359,260,2022-05-27,True,4
913,380,2025-05-27,True,43
72,235,2024-10-01,True,44
203,341,2024-07-24,True,38
632,233,2022-06-07,False,30
822,434,2022-12-29,False,41
334,356,2021-08-18,False,13
697,175,2025-04-06,True,6
146,78,2020-04-20,True,8
1181,415,2020-11-25,False,48
582,196,2022-07-28,False,15
1094,201,2020-10-08,True,5
937,11,2022-11-30,False,30
774,441,2022-11-09,False,2
1324,9,2021-12-28,False,45
1160,289,2021-05-16,True,29
1303,124,2022-08-31,True,37
1488,464,2023-11-30,False,50
687,147,2024-08-15,False,24
139,254,2025-03-24,True,21
328,318,2023-05-22,True,3
371,126,2020-07-02,False,26
246,366,2020-04-10,True,1
1480,136,2023-07-14,False,35
518,4,2022-04-22,True,46
955,420,2024-11-25,False,47
188,350,2026-03-20,False,37
519,498,2025-11-24,True,0
1462,72,2025-02-20,True,21
25,94,2026-04-23,False,22
634,183,2020-05-31,False,23
1262,486,2026-02-06,False,27
1394,181,2022-11-22,False,37
1362,448,2022-12-19,False,19
679,92,2021-10-27,False,41
1407,356,2021-12-08,False,46
737,230,2025-03-15,False,35
544,282,2020-08-24,False,27
1229,18,2021-08-24,False,36
839,300,2024-06-14,True,1
1251,417,2023-09-24,True,29
1449,403,2021-10-17,False,35
719,72,2022-07-18,False,32
1318,191,2022-08-10,True,44
1403,4,2024-04-13,True,14
1242,375,2026-01-26,True,45
272,250,2022-02-16,False,47
684,302,2022-04-02,False,40
1003,78,2023-08-15,True,20
1077,179,2025-01-27,False,50
244,164,2022-07-29,False,17
296,107,2023-12-22,True,47
1411,474,2023-03-10,False,25
1138,247,2023-07-06,False,15
924,73,2022-08-01,True,36
900,29,2022-01-25,True,1
1166,350,2024-06-29,False,16
263,320,2022-02-16,True,41
883,470,2021-02-25,True,36
75,218,2025-11-07,True,11
954,314,2025-05-16,False,20
670,57,2023-10-06,True,44
1043,329,2025-02-14,True,41
255,3,2020-04-20,True,32
1015,432,2024-10-23,False,7
1330,71,2021-10-03,True,42
133,338,2025-09-10,True,21
164,400,2024-07-19,True,26
94,471,2025-08-13,False,5
741,346,2023-05-31,False,50
1340,201,2025-07-10,True,35
433,452,2021-11-09,False,33
976,52,2020-08-22,False,34
1297,308,2020-09-13,False,30
5,29,2021-06-04,True,1
813,294,2025-09-23,True,50
1466,259,2026-03-04,False,36
409,176,2022-08-29,True,35
33,13,2024-06-15,True,35
367,278,2025-05-23,True,43
319,229,2022-08-10,True,34
162,246,2023-01-04,False,41
1291,488,2022-06-09,False,8
297,152,2025-03-17,False,29
174,355,2025-07-12,False,15
38,307,2020-11-30,True,24
1101,47,2024-11-28,True,2
1141,78,2024-03-28,True,47
855,171,2020-01-21,False,43
389,215,2025-07-01,False,19
646,263,2024-02-02,True,10
593,467,2021-12-01,True,8
301,124,2025-06-08,False,17
266,158,2024-03-21,True,8
948,249,2021-01-11,True,43
1121,231,2020-01-01,True,48
1052,207,2023-07-13,False,9
152,266,2026-03-26,True,46
1038,319,2025-06-25,True,8
963,106,2022-02-13,True,1
1110,121,2024-03-05,True,46
536,291,2024-04-14,True,17
430,378,2025-06-07,True,10
694,336,2023-12-02,True,35
979,363,2024-09-11,False,6
1056,251,2025-02-01,True,25
407,172,2026-01-24,False,14
58,254,2022-03-08,True,48
771,385,2021-06-29,True,49
810,410,2022-06-30,True,19
763,406,2022-05-12,False,3
292,55,2021-01-26,False,10
713,145,2025-01-11,False,20
1308,366,2025-06-11,False,23
289,252,2024-12-26,True,47
912,287,2024-12-14,True,3
1466,160,2025-06-24,True,28
710,442,2024-07-30,True,29
1447,368,2025-09-05,True,18
89,249,2024-04-03,False,38
1139,76,2024-09-10,True,7
313,318,2023-03-30,False,35
1110,144,2025-02-07,True,38
777,32,2022-10-08,True,41
1314,214,2020-09-07,False,18
1244,198,2021-10-19,False,28
895,247,2020-07-29,True,5
438,1,2022-06-13,True,22
1267,404,2025-02-14,False,33
821,64,2021-07-04,False,27
304,61,2022-03-16,False,11
1314,31,2021-10-20,False,50
1158,210,2023-04-20,False,34
1380,249,2021-05-12,False,25
239,271,2022-09-15,False,6
620,371,2023-01-16,False,23
1036,7,2025-01-19,False,15
1283,287,2021-10-01,False,13
1478,61,2020-02-21,True,41
1354,109,2024-09-27,False,31
376,345,2024-05-02,True,6
260,468,2021-01-25,True,49
1190,105,2025-05-21,False,10
704,472,2022-09-18,False,32
1234,410,2023-09-03,False,29
489,106,2020-03-22,False,18
1373,173,2024-03-10,False,0
14,140,2024-08-07,False,43
1311,244,2022-08-24,False,37
299,226,2024-02-03,False,4
1048,321,2020-10-26,False,41
1017,46,2025-07-30,False,46
1366,125,2026-02-20,False,47
77,20,2025-07-06,True,23
181,372,2025-03-27,False,4
1386,413,2022-12-21,False,33
314,251,2024-01-09,True,22
437,331,2023-01-09,True,37
997,234,2024-08-12,False,44
1007,69,2022-10-18,False,43
225,317,2024-05-29,False,49
813,103,2020-09-27,False,45
522,146,2023-02-07,True,41
1056,7,2020-05-10,True,17
230,237,2021-07-18,False,24
486,438,2020-02-09,False,24
983,361,2021-07-01,False,48
298,77,2021-06-22,True,35
475,71,2020-11-13,True,11
882,345,2025-12-19,False,1
1489,214,2022-08-15,True,1
1023,173,2026-03-21,True,36
1040,82,2020-04-25,True,49
1290,384,2025-09-01,True,23
183,256,2025-11-14,True,37
461,104,2023-10-09,True,23
961,187,2023-10-01,True,46
662,260,2021-08-05,True,43
448,49,2020-02-17,False,45
1083,355,2025-01-27,True,27
1405,356,2020-11-25,True,2
316,445,2020-12-31,False,35
1167,9,2024-08-06,False,28
1161,91,2022-07-11,False,49
1402,117,2023-07-03,False,20
526,84,2023-06-05,False,50
1220,467,2023-07-04,False,30
1392,125,2024-01-12,False,3
717,165,2023-07-08,True,27
1499,323,2025-12-03,False,0
684,330,2025-08-30,True,28
1265,64,2022-07-15,False,16
1365,398,2021-05-12,True,45
120,247,2020-07-02,False,31
1041,376,2020-12-04,True,6
539,450,2025-07-27,False,35
660,244,2024-11-12,True,47
770,121,2023-04-16,False,16
1395,353,2023-10-15,True,50
304,482,2023-12-04,False,36
293,340,2021-05-22,True,13
1415,112,2025-08-24,False,18
962,33,2020-07-30,False,16
979,433,2025-04-07,True,33
651,383,2020-08-08,True,49
59,332,2022-09-04,False,26
524,379,2025-03-15,True,29
497,299,2023-02-11,False,33
1370,108,2021-09-15,False,25
1426,306,2020-02-27,True,17
721,126,2022-06-04,True,16
1479,134,2024-05-29,True,0
609,409,2025-10-03,True,41
1090,103,2024-04-24,False,23
242,165,2022-08-20,False,26
115,61,2023-10-07,False,33
203,416,2025-09-15,False,16
1037,331,2023-11-15,True,1
1477,108,2024-10-14,True,12
1410,466,2023-11-04,False,3
471,281,2025-03-26,True,21
1388,399,2022-04-14,False,12
966,222,2020-11-29,False,36
1066,473,2023-10-06,True,22
844,264,2026-04-07,True,31
377,337,2022-10-02,False,30
1466,90,2023-11-26,True,46
924,1,2025-04-29,False,44
622,82,2020-07-25,True,12
1280,485,2020-02-05,True,9
1202,326,2022-01-08,False,31
307,259,2022-03-31,True,24
976,217,2024-09-10,True,40
263,76,2022-05-26,False,29
989,255,2025-01-10,True,0
778,16,2020-09-03,True,10
679,454,2025-04-18,True,25
119,235,2021-07-01,True,35
28,71,2024-08-15,True,40
105,157,2023-10-15,False,41
138,25,2025-09-11,False,32
512,110,2020-01-11,False,22
289,54,2024-02-27,False,28
199,270,2024-02-21,False,34
75,110,2020-09-14,False,16
493,77,2023-08-03,False,43
1172,225,2021-11-08,True,11
414,315,2026-03-21,False,30
851,340,2022-11-11,True,46
278,382,2025-03-20,True,36
1233,279,2022-01-21,False,22
1255,135,2025-02-04,False,34
523,69,2023-11-10,False,38
815,353,2026-03-31,True,28
1305,171,2020-09-07,True,9
1222,178,2025-11-28,True,44
856,37,2026-01-27,True,39
1206,377,2023-07-15,True,2
226,57,2020-11-27,True,25
1332,95,2026-01-05,True,11
561,46,2023-12-03,True,8
1460,414,2024-05-30,False,0
739,295,2020-06-29,True,36
464,211,2026-03-26,False,7
288,196,2023-04-11,True,20
1196,372,2021-11-29,False,16
1400,36,2024-01-18,False,18
52,469,2023-06-25,True,2
1031,131,2025-07-28,False,47
1490,39,2024-11-17,True,41
464,198,2025-04-27,False,32
620,119,2025-10-06,True,23
592,443,2023-10-25,True,20
1012,316,2025-12-31,False,28
75,263,2024-11-25,True,36
214,461,2021-10-24,False,30
1131,440,2023-08-21,True,5
340,242,2021-09-19,False,4
628,433,2025-03-15,True,5
63,36,2025-05-05,False,7
719,321,2021-10-22,False,21
141,26,2025-03-10,True,30
841,135,2025-09-07,True,39
329,39,2023-06-24,True,3
14,375,2026-02-21,True,20
184,482,2021-11-26,False,44
1310,432,2020-04-16,True,11
904,320,2022-05-18,False,15
452,319,2022-05-28,False,21
944,430,2023-06-25,False,26
319,29,2024-09-14,False,27
653,320,2025-04-15,True,37
1133,403,2024-02-13,False,31
1056,375,2024-03-04,False,16
1338,5,2025-10-17,True,45
697,352,2020-05-29,True,5
975,109,2021-02-28,True,44
1380,14,2022-03-05,False,45
36,213,2023-09-29,False,27
368,391,2021-12-07,False,22
1363,365,2021-12-26,True,19
743,393,2024-12-13,False,32
990,229,2022-01-31,True,50
828,183,2021-05-22,True,28
1396,464,2020-03-31,True,45
670,233,2020-10-13,False,28
1175,361,2020-11-16,False,50
869,196,2020-03-03,False,33
1159,191,2021-02-21,False,28
922,483,2023-07-22,True,23
829,480,2022-10-11,False,1
751,13,2025-01-20,True,39
1141,112,2025-04-04,False,39
1458,477,2025-04-22,False,20
686,322,2020-08-09,True,23
81,85,2021-11-21,True,11
673,43,2026-01-13,False,0
352,312,2020-02-17,False,48
791,25,2020-10-23,False,10
1316,206,2024-11-29,False,34
1011,156,2020-03-26,False,1
480,211,2025-04-09,True,47
1218,371,2025-09-12,False,9
209,149,2024-02-22,False,17
1123,310,2024-01-02,False,34
701,360,2023-10-18,True,33
601,201,2020-07-30,True,27
776,96,2024-09-05,False,6
1277,471,2020-03-03,True,39
738,340,2024-09-18,True,28
1482,53,2024-03-24,False,0
525,56,2020-03-17,False,24
87,385,2025-02-12,False,6
247,187,2021-03-08,True,29
605,457,2024-08-18,False,50
1050,169,2024-03-06,False,16
1090,84,2020-05-24,False,15
822,458,2023-12-17,True,48
936,11,2023-04-17,False,12
637,51,2023-08-14,True,20
1112,468,2020-12-23,True,43
930,336,2021-02-25,True,19
1282,486,2022-12-18,True,1
74,127,2026-02-26,False,25
1389,61,2024-04-17,True,1
612,459,2024-02-11,False,43
16,278,2025-06-15,False,5
308,490,2025-01-26,True,1
664,195,2023-02-19,False,4
508,188,2023-06-13,False,29
1369,458,2025-02-18,False,39
754,2,2023-10-31,False,27
103,102,2024-05-18,False,17
377,414,2024-07-29,False,12
305,126,2025-05-26,True,2
1134,86,2023-02-02,False,45
498,190,2021-03-07,False,49
1177,361,2024-06-08,True,48
711,174,2021-07-03,True,50
214,13,2020-04-23,False,28
673,316,2022-12-07,True,11
1261,27,2026-04-17,False,39
1262,402,2025-05-22,False,15
496,378,2021-06-29,False,9
467,306,2024-01-14,True,28
1420,26,2024-04-10,True,9
788,320,2023-07-03,True,27
1207,490,2020-02-26,True,38
1198,391,2022-04-16,True,35
619,339,2022-06-14,True,32
131,10,2021-02-01,True,11
1365,57,2025-09-11,False,13
1479,439,2020-02-06,False,31
69,16,2026-02-14,True,38
1325,102,2021-03-16,False,41
202,14,2025-03-28,True,18
927,3,2022-09-15,False,28
519,452,2020-02-24,False,0
14,390,2023-05-15,False,0
888,377,2021-07-20,False,13
337,238,2020-03-31,True,50
175,176,2023-01-17,True,18
874,164,2022-04-26,False,14
603,141,2023-07-17,True,1
1133,309,2021-02-02,False,25
803,500,2020-07-16,True,20
1495,185,2022-11-04,True,32
507,365,2023-05-31,False,20
82,481,2020-08-07,True,17
111,443,2024-05-19,True,5
35,413,2025-11-06,False,2
402,90,2024-11-11,True,47
89,342,2022-12-23,True,50
973,167,2021-02-21,False,10
1423,369,2020-07-10,False,37
480,387,2020-08-16,True,13
445,476,2024-02-24,True,20
56,448,2023-11-24,False,8
290,423,2024-12-19,True,6
558,170,2026-03-08,False,19
441,109,2021-03-05,True,49
854,296,2023-12-21,True,20
1434,81,2021-09-03,False,47
941,124,2024-08-05,True,0
1251,434,2024-05-09,False,30
1105,240,2020-05-13,False,40
1444,468,2023-10-24,True,20
244,286,2023-01-31,True,8
780,1,2021-10-22,True,9
427,288,2024-08-14,True,16
746,91,2026-03-30,True,7
1223,147,2022-01-07,False,49
1333,394,2020-06-08,True,10
609,407,2022-04-01,True,22
141,280,2022-05-02,False,28
482,264,2023-10-20,True,13
589,411,2022-09-02,True,50
863,132,2022-08-09,False,40
1144,138,2023-05-25,True,24
1492,350,2020-07-15,False,38
1036,394,2021-09-29,True,46
9,65,2023-03-16,True,47
491,146,2023-11-13,True,25
1143,52,2023-04-16,False,45
711,239,2021-03-07,True,32
343,94,2024-04-27,False,20
1208,247,2026-02-22,True,47
227,359,2024-02-10,True,23
963,253,2021-02-19,False,9
24,121,2020-05-12,False,40
105,312,2021-10-15,False,24
344,189,2022-04-08,True,9
494,220,2024-11-03,False,1
100,314,2023-10-20,False,23
1155,56,2021-04-18,False,8
1420,137,2025-12-10,False,2
1210,87,2020-09-29,True,34
1189,459,2021-11-16,True,20
84,4,2024-05-05,False,45
468,276,2023-02-06,True,29
453,139,2026-01-08,True,3
1438,228,2021-04-25,True,39
1340,487,2025-07-07,True,32
295,16,2025-03-22,True,20
545,415,2022-11-15,True,16
722,298,2021-03-14,True,3
1038,65,2024-06-18,True,49
1039,245,2024-11-23,False,27
593,335,2025-01-16,True,37
1076,222,2020-01-15,False,31
950,301,2020-10-19,True,5
963,51,2025-02-26,False,46
586,249,2025-01-03,False,27
1337,152,2021-01-01,False,46
93,280,2024-05-04,True,42
433,143,2024-07-06,False,25
1299,60,2020-09-05,True,46
553,231,2022-03-14,False,41
56,262,2026-03-28,False,6
959,87,2020-01-21,True,28
293,271,2020-07-22,True,34
744,251,2020-10-19,False,33
263,324,2024-05-12,False,4
219,494,2021-11-16,False,34
669,359,2026-04-26,True,37
1371,500,2026-04-28,True,25
1291,232,2021-01-12,True,8
483,370,2024-07-27,False,0
601,412,2023-02-01,False,47
569,489,2021-10-05,False,17
200,297,2023-10-26,False,31
1101,274,2022-05-14,False,5
93,463,2024-12-16,True,46
280,265,2022-11-17,True,45
1069,160,2023-11-04,False,27
331,333,2023-07-13,False,7
1357,373,2020-11-23,True,7
986,489,2025-10-20,False,39
770,147,2024-11-12,True,34
412,331,2022-05-05,False,30
508,351,2025-08-15,True,38
478,49,2024-01-31,False,23
425,120,2020-10-21,False,8
612,129,2025-10-15,True,2
87,306,2020-09-09,False,2
1144,334,2025-02-14,True,33
1034,400,2021-06-21,True,33
1413,275,2021-07-12,True,23
80,332,2025-11-23,True,20
1435,416,2021-12-17,True,14
511,56,2024-05-26,True,22
1234,51,2022-08-10,False,44
447,50,2021-09-16,False,2
506,191,2022-03-29,True,18
467,215,2023-06-01,True,49
1399,36,2025-08-06,False,12
922,289,2021-05-16,True,14
460,230,2022-02-28,True,20
1392,384,2021-04-29,False,29
196,229,2023-11-12,True,13
497,381,2023-07-29,True,19
783,480,2024-03-06,True,6
240,255,2025-04-06,False,7
1281,30,2025-03-07,False,25
304,115,2022-10-02,False,44
46,37,2023-02-24,False,48
671,396,2025-07-27,True,10
1395,339,2020-09-05,True,5
802,447,2022-02-11,False,25
209,253,2022-08-16,False,20
360,349,2024-12-24,True,35
210,366,2025-01-10,False,3
920,214,2025-08-29,False,32
397,415,2024-11-02,False,2
1235,477,2020-01-15,False,18
879,82,2025-05-12,True,37
733,342,2023-01-28,False,50
856,338,2021-09-10,False,18
725,60,2024-11-17,False,18
641,26,2025-05-23,True,37
103,352,2024-07-09,False,41
713,101,2024-05-05,False,19
498,146,2023-03-09,True,11
763,82,2022-12-30,True,33
1027,286,2023-08-23,False,43
330,209,2025-11-20,True,26
825,267,2026-01-31,False,27
154,285,2025-06-27,False,5
1099,291,2024-01-13,False,43
130,187,2025-08-14,True,50
994,101,2023-06-22,False,45
1361,152,2022-03-24,False,46
607,251,2020-02-23,True,12
1147,421,2021-06-21,True,12
969,156,2023-07-29,True,5
1341,356,2023-07-23,False,47
91,44,2026-02-13,False,21
1170,288,2023-02-20,True,46
1080,105,2023-07-14,True,42
1467,30,2025-11-10,True,49
491,279,2020-06-17,False,41
1429,420,2022-01-23,True,8
1440,345,2024-01-28,False,44
757,449,2021-10-13,True,11
644,496,2025-06-22,False,31
367,357,2024-08-05,False,37
1085,378,2022-05-03,False,7
629,452,2025-03-16,False,12
122,202,2023-12-12,False,45
615,256,2022-06-14,True,21
322,435,2020-09-26,True,36
827,466,2023-05-14,True,37
354,158,2024-05-19,True,14
1163,202,2021-10-06,False,14
287,291,2021-02-15,False,46
1228,432,2020-08-03,True,44
334,222,2021-05-08,True,17
1297,381,2025-06-06,False,39
177,301,2020-05-01,False,42
1041,308,2020-08-09,False,20
1304,158,2021-05-05,True,4
144,475,2020-03-17,False,20
295,485,2022-05-04,False,5
1398,424,2020-11-11,False,38
1148,286,2022-07-06,False,39
1115,470,2021-06-20,False,33
79,286,2025-02-16,False,24
1103,379,2023-12-11,True,25
313,240,2024-09-19,True,37
1097,231,2021-08-16,False,48
687,295,2020-04-07,True,25
256,304,2020-12-20,False,47
1484,239,2022-06-16,False,44
1134,187,2022-05-11,False,27
1351,310,2022-10-31,False,13
369,487,2025-11-09,False,13
908,146,2021-05-25,True,36
556,304,2026-01-21,False,4
1099,277,2021-03-02,False,42
292,9,2024-05-14,True,27
351,316,2022-04-06,True,17
1114,411,2025-09-09,False,39
279,328,2025-03-24,True,43
619,73,2022-09-06,False,7
252,88,2021-04-10,True,17
116,477,2021-12-14,False,25
282,317,2022-03-22,False,25
196,251,2024-05-10,True,44
1394,176,2022-08-06,True,34
1093,292,2020-12-18,False,11
156,7,2023-02-25,True,7
830,392,2025-12-22,True,13
284,241,2020-05-19,False,14
945,97,2022-09-30,True,5
626,129,2022-07-26,False,16
697,358,2021-10-27,True,32
463,292,2025-05-13,False,37
662,50,2020-11-04,True,2
822,187,2020-08-23,True,21
545,377,2022-10-03,False,3
988,389,2025-05-29,True,9
1122,493,2020-04-25,False,44
1248,450,2023-02-06,False,40
740,344,2020-01-26,True,43
122,469,2023-04-30,False,36
947,113,2024-08-12,False,1
1017,477,2021-10-26,True,20
873,51,2025-08-13,True,29
854,333,2022-05-02,False,43
1137,17,2025-05-30,True,13
402,493,2022-03-27,False,18
1467,447,2024-10-25,True,11
904,255,2020-05-19,True,36
383,450,2022-09-06,False,50
331,341,2021-09-24,True,31
174,304,2021-12-23,False,46
1198,328,2023-03-25,False,28
1174,378,2025-07-06,False,1
1334,405,2024-02-26,False,35
416,165,2025-10-13,False,8
1121,399,2022-02-05,False,2
1332,190,2022-10-10,False,35
437,138,2020-05-03,False,14
876,74,2023-05-08,True,24
469,335,2024-07-12,True,12
1149,101,2020-09-11,False,47
741,321,2020-04-03,False,23
802,370,2025-02-18,True,29
882,124,2025-09-12,True,23
1247,409,2025-06-01,True,7
68,16,2023-08-09,True,30
354,49,2025-08-25,False,38
1037,127,2025-12-09,False,47
763,485,2023-04-09,False,26
609,22,2021-01-01,True,36
1038,9,2025-08-10,False,31
412,92,2022-05-30,False,49
211,309,2024-01-21,True,49
748,133,2021-12-24,True,37
618,80,2021-09-07,False,9
1285,266,2022-09-21,False,45
1144,395,2026-04-17,True,22
1347,17,2021-04-23,False,35
982,259,2021-10-19,False,30
1337,42,2024-12-13,True,29
458,112,2021-02-24,False,44
450,106,2020-02-10,False,9
278,86,2020-08-18,True,0
901,393,2024-03-05,True,7
803,56,2020-09-11,False,43
31,443,2022-07-03,False,35
1241,26,2023-02-22,True,7
480,86,2025-02-14,False,0
371,192,2021-04-28,True,31
958,320,2021-08-12,False,5
795,323,2023-01-13,False,13
707,389,2024-02-25,True,12
1381,299,2024-06-26,True,27
233,60,2025-12-22,True,36
80,459,2026-04-29,True,28
868,40,2026-03-11,True,37
1428,441,2022-09-11,True,38
1421,494,2021-03-17,False,19
141,301,2024-09-16,False,46
1124,323,2024-09-17,True,0
784,109,2023-09-22,True,42
158,485,2022-03-10,True,10
1264,283,2020-09-02,True,18
895,211,2022-09-03,True,19
210,466,2022-04-02,False,22
696,15,2024-12-28,False,6
726,13,2020-01-05,True,11
360,374,2023-09-08,False,12
956,191,2022-06-08,False,28
67,31,2023-01-04,False,30
615,149,2022-11-17,True,26
934,86,2023-04-18,True,20
622,125,2022-04-11,False,14
876,74,2022-09-21,False,38
371,139,2023-10-04,False,35
764,434,2023-08-10,False,43
241,388,2023-08-21,False,26
354,138,2024-02-10,True,50
377,432,2020-10-20,True,15
733,228,2025-01-14,False,19
1358,277,2024-08-21,True,1
648,349,2023-05-19,False,13
1433,66,2022-07-30,True,7
1100,92,2020-02-27,False,25
632,229,2023-08-28,True,19
596,214,2026-04-13,True,12
1157,264,2020-04-27,True,10
624,197,2023-06-02,False,8
1091,16,2024-04-09,True,17
1073,481,2024-04-20,False,18
527,112,2023-03-14,False,18
331,198,2026-03-22,True,6
468,491,2022-11-27,True,16
1270,292,2021-06-18,True,3
824,285,2020-03-11,False,41
1320,120,2022-03-26,False,1
1294,70,2021-10-14,True,17
1208,320,2025-11-04,False,24
9,357,2022-10-11,False,47
307,75,2023-11-24,True,8
206,218,2020-09-30,False,20
84,127,2025-09-10,True,48
1053,447,2024-10-25,True,37
926,303,2023-06-24,False,11
1375,225,2024-06-08,False,2
81,49,2023-06-05,True,31
1152,415,2025-05-17,True,3
977,143,2022-03-27,True,20
359,56,2025-12-07,False,7
531,28,2024-01-10,True,1
1357,342,2025-05-01,True,14
883,98,2025-01-19,True,2
123,232,2022-03-08,False,23
930,251,2022-11-23,False,10
78,393,2022-12-30,False,4
1252,116,2024-06-22,False,13
650,295,2021-03-07,False,44
676,452,2022-11-24,True,36
1208,57,2023-07-30,False,12
710,450,2021-07-18,False,16
74,218,2020-02-22,True,7
163,235,2021-07-19,True,39
1413,296,2025-04-23,False,0
37,333,2020-03-14,False,37
1013,176,2023-10-08,False,43
580,52,2020-01-07,False,30
104,339,2021-07-26,True,10
479,374,2021-05-05,True,18
455,362,2024-10-24,False,23
1498,356,2025-07-13,False,36
254,98,2020-11-12,True,2
1248,160,2022-11-25,True,41
860,338,2026-01-16,True,29
194,330,2021-08-01,True,21
161,73,2020-11-15,True,45
114,351,2023-05-19,True,7
1493,186,2026-04-11,True,36
916,79,2023-10-19,False,10
378,59,2020-12-11,True,41
587,491,2023-07-10,True,40
533,31,2023-01-20,True,36
389,478,2021-05-28,True,35
80,246,2024-06-13,False,8
68,45,2022-05-19,False,5
735,241,2026-01-28,True,8
343,64,2023-11-28,False,16
754,308,2024-01-31,False,32
501,420,2020-06-06,False,50
1182,13,2024-07-31,True,14
1256,162,2020-03-10,False,46
226,151,2020-12-02,True,39
1354,48,2021-08-17,True,40
1271,217,2025-02-21,False,45
1298,214,2023-09-29,False,46
1113,474,2021-05-17,False,34
1082,210,2021-01-31,True,35
1003,182,2021-04-01,False,43
692,139,2025-05-03,False,32
1483,108,2024-01-09,True,24
1454,148,2025-05-12,False,26
1217,63,2023-04-19,False,18
606,171,2022-01-01,True,10
1391,189,2020-12-01,False,34
610,182,2021-04-06,True,24
1332,100,2021-06-30,False,0
1421,159,2021-02-26,False,34
415,291,2021-06-27,False,41
66,273,2024-02-03,False,21
530,231,2021-10-27,True,39
892,18,2020-01-21,True,19
599,408,2024-06-02,False,38
1408,313,2023-02-22,True,0
1332,254,2023-01-20,False,49
934,275,2022-09-24,True,26
1053,9,2023-01-13,False,36
774,470,2026-03-31,True,48
196,208,2026-04-03,True,43
130,478,2020-11-09,False,41
981,443,2020-08-17,False,25
815,395,2020-07-06,False,1
610,190,2021-09-03,True,5
49,142,2020-08-08,True,3
1415,61,2022-11-29,True,9
1254,164,2021-05-13,False,45
222,30,2020-05-19,False,23
464,263,2024-10-11,True,40
603,377,2024-06-19,False,23
813,337,2025-10-27,False,28
53,190,2023-05-10,True,47
571,66,2022-01-01,True,6
19,472,2021-08-25,True,38
1357,151,2022-05-08,True,4
780,252,2025-10-18,True,50
457,370,2025-08-09,True,13
774,337,2024-11-09,False,20
105,380,2022-11-09,True,10
756,206,2021-06-19,False,44
821,191,2025-11-25,True,38
948,413,2021-02-24,True,38
4,284,2025-07-11,True,26
1083,344,2024-12-01,True,8
866,189,2025-12-04,False,42
1210,263,2023-11-04,False,31
1264,418,2024-12-31,False,9
898,299,2023-12-06,True,47
1475,441,2023-06-01,True,44
967,322,2020-09-10,True,48
838,477,2025-10-08,True,30
695,220,2026-02-26,False,18
24,462,2021-08-03,False,46
187,111,2025-12-22,False,28
1437,339,2020-12-24,True,50
923,477,2026-01-19,True,22
331,138,2021-08-28,True,44
276,93,2021-09-30,False,7
1360,247,2023-08-09,True,7
1472,292,2022-01-31,False,30
5,58,2021-12-03,True,26
1336,405,2020-06-09,True,11
747,111,2022-08-11,False,22
56,51,2024-11-09,False,48
466,403,2023-06-12,True,23
1180,57,2020-10-30,False,25
299,79,2020-08-04,True,28
121,356,2020-01-15,False,27
885,457,2024-01-28,True,16
1004,408,2022-11-14,True,7
768,312,2020-01-26,True,23
139,37,2021-12-18,True,46
1064,15,2023-05-04,True,29
1269,220,2023-09-11,False,40
649,183,2025-04-09,False,29
912,89,2022-04-14,True,33
123,191,2020-04-25,True,11
615,171,2022-12-19,True,14
1039,105,2024-11-13,True,31
263,497,2020-02-01,False,42
214,210,2023-12-10,True,11
456,435,2024-03-23,True,24
621,481,2025-05-14,False,6
221,107,2023-05-19,True,9
955,414,2020-02-10,True,17
1178,126,2020-02-19,False,6
247,344,2024-02-12,True,23
979,265,2022-12-20,False,45
911,286,2020-06-18,False,0
811,129,2024-05-30,True,15
904,495,2023-10-17,False,22
754,284,2025-07-26,True,22
983,145,2025-02-28,False,35
399,244,2022-10-26,False,30
697,21,2025-12-20,False,35
1218,290,2026-01-07,True,28
352,12,2021-03-19,True,9
1366,403,2022-01-15,False,33
270,77,2022-01-28,False,31
313,285,2025-10-13,False,43
1499,139,2020-01-03,True,49
399,121,2025-10-03,True,50
562,138,2020-06-18,False,5
954,240,2024-11-09,True,13
29,348,2025-09-29,False,15
310,287,2025-04-17,True,47
541,274,2020-08-12,False,35
112,254,2022-02-07,False,0
1275,398,2025-02-04,False,30
1190,360,2023-02-09,False,20
846,142,2020-10-03,True,14
227,421,2020-03-07,True,0
1273,250,2020-11-11,False,35
982,5,2020-07-17,False,23
1347,220,2026-04-14,True,22
593,110,2026-02-03,False,46
1017,11,2024-04-01,False,36
374,348,2022-11-10,False,47
144,197,2022-05-09,True,20
737,495,2025-03-21,False,49
1477,254,2022-05-18,False,8
677,484,2020-04-15,True,1
1109,225,2025-10-26,True,33
1135,386,2022-11-01,False,12
67,472,2021-12-22,True,22
1092,481,2020-06-17,True,37
1111,358,2022-02-19,False,26
1358,1,2025-09-07,False,22
1286,127,2026-04-22,False,15
900,235,2020-05-27,False,47
1066,194,2023-05-29,False,43
16,117,2026-02-12,False,10
1279,357,2020-12-23,True,45
1484,247,2022-09-14,True,7
1006,24,2024-01-15,True,39
156,119,2024-01-03,False,13
1426,326,2023-07-06,True,25
548,276,2021-12-11,False,5
629,419,2023-10-06,False,38
1349,60,2026-02-11,True,41
354,340,2024-07-15,True,35
162,397,2020-05-20,False,3
207,403,2024-05-09,True,25
618,52,2024-10-08,False,30
311,138,2024-03-31,True,49
1061,411,2020-03-05,True,16
405,229,2025-03-15,False,44
652,385,2021-09-05,False,30
392,105,2024-03-23,True,45
1369,23,2023-12-01,True,36
59,278,2025-01-12,False,33
771,263,2023-04-29,True,43
814,328,2020-01-13,True,26
161,113,2021-03-25,False,14
636,209,2024-08-21,True,26
1287,204,2025-03-15,True,25
1452,425,2021-12-06,False,1
134,84,2024-12-10,True,25
745,416,2022-03-10,True,35
395,342,2021-10-24,False,16
1239,348,2025-08-19,False,10
186,25,2024-08-28,False,31
505,469,2026-03-29,False,7
1153,486,2025-11-13,False,45
298,74,2020-11-28,True,30
111,460,2024-08-21,True,48
547,302,2022-08-20,True,9
254,287,2020-11-18,False,47
268,78,2026-01-05,False,39
1352,412,2024-04-03,True,29
617,367,2025-01-31,False,28
847,203,2021-12-13,True,10
761,437,2023-12-11,False,18
1220,156,2026-01-23,True,37
837,434,2024-04-18,False,13
1348,208,2023-01-23,False,49
1052,252,2025-07-20,False,9
1113,225,2020-05-27,False,23
536,233,2021-01-22,True,12
306,119,2021-03-20,False,6
1279,76,2021-03-03,True,41
813,44,2025-04-02,False,18
1191,33,2025-02-12,True,31
646,105,2025-03-21,False,8
599,13,2024-10-12,False,2
1303,435,2022-09-11,False,24
551,139,2021-10-05,False,26
1111,309,2025-02-23,False,31
989,216,2022-05-22,False,23
304,332,2025-02-10,False,11
1391,410,2023-03-11,True,15
428,417,2022-05-12,False,27
905,133,2026-03-02,False,46
1340,132,2024-08-25,True,40
318,174,2022-05-02,False,4
588,2,2024-01-11,False,2
258,58,2025-05-08,True,16
680,47,2025-10-04,True,38
786,386,2023-11-12,True,8
1057,481,2023-05-06,False,0
1175,281,2020-06-18,False,19
238,364,2024-12-27,False,35
1499,115,2023-03-13,False,2
883,147,2020-04-21,False,48
1228,499,2020-02-28,True,26
503,258,2021-09-08,True,23
150,125,2026-02-03,False,46
388,253,2024-11-08,False,45
548,51,2024-12-09,True,26
1222,24,2022-09-19,True,47
291,348,2025-08-24,False,23
488,77,2025-09-05,False,22
1048,321,2020-05-09,True,22
592,97,2025-04-02,True,33
247,401,2025-10-21,False,36
542,319,2022-03-29,True,5
1481,266,2025-04-25,False,39
