user1,user2,fecha,notificaciones,cercania
168,336,2022-12-15,True,0.57
247,709,2022-12-11,False,0.24
414,507,2025-11-26,True,0.4
667,491,2024-04-03,True,0.97
303,528,2020-05-04,False,0.61
436,574,2021-06-06,False,0.19
419,1200,2022-09-04,True,0.5
1270,1075,2020-12-16,False,0.59
790,1412,2024-06-27,False,0.4
122,973,2023-04-05,True,0.51
1492,496,2021-07-09,False,0.03
445,690,2025-05-21,True,0.93
1149,227,2022-11-03,True,0.51
613,887,2020-07-12,False,0.82
126,1270,2020-12-19,False,0.37
944,438,2023-10-31,False,0.79
1043,1311,2023-03-26,False,0.86
791,778,2024-12-12,False,0.31
695,1500,2020-02-19,False,0.09
1284,637,2022-07-25,True,0.99
328,1092,2021-03-03,False,0.87
658,712,2021-08-05,False,0.37
1277,244,2025-11-25,True,0.2
401,593,2025-10-10,False,0.17
201,1401,2022-06-25,False,0.38
412,1191,2023-07-06,False,0.84
978,1141,2024-09-07,False,0.01
957,538,2022-05-14,False,0.42
806,1481,2025-01-09,False,0.79
1152,696,2025-06-01,True,0.79
290,1441,2024-04-13,False,0.84
852,280,2020-05-10,False,0.3
1194,1043,2025-06-13,False,0.54
1262,108,2023-05-13,True,0.11
1280,1197,2021-12-09,False,0.8
74,678,2023-01-22,False,0.26
541,553,2021-06-11,True,0.37
301,1005,2020-03-15,False,0.31
1326,729,2023-01-31,True,0.11
72,343,2022-03-04,False,0.39
1040,605,2021-04-19,False,0.2
976,352,2023-05-01,True,0.29
770,205,2025-06-22,True,0.93
1037,813,2024-10-07,False,0.16
173,1393,2025-03-09,False,0.52
784,572,2020-08-26,True,0.85
693,728,2026-03-24,True,0.8
357,1053,2020-03-24,False,0.99
484,891,2021-05-22,True,0.25
799,926,2022-09-27,True,0.58
1312,1416,2024-01-11,True,0.35
606,197,2024-11-26,True,0.51
1092,1190,2022-03-14,False,0.55
847,792,2020-01-25,False,0.6
980,844,2020-04-03,True,0.28
1353,307,2023-10-31,True,0.05
1150,1033,2020-12-15,True,0.34
917,1144,2022-04-08,False,0.76
17,790,2023-09-10,False,0.49
197,1213,2024-08-22,False,0.6
348,1018,2021-04-30,False,0.97
830,227,2026-02-10,False,0.15
258,373,2021-11-16,True,0.56
1018,1475,2023-10-07,True,0.11
428,1038,2025-10-31,True,0.67
305,100,2020-10-27,True,0.78
1110,1038,2021-12-15,False,0.92
416,1102,2025-09-21,True,0.84
547,1330,2025-07-23,True,0.27
135,1176,2021-08-15,False,0.26
601,1301,2021-04-28,True,0.56
271,549,2023-04-25,False,0.14
649,1484,2022-07-25,True,0.73
890,411,2021-04-01,True,0.68
972,875,2025-02-23,False,0.19
854,673,2023-01-07,False,0.33
429,91,2024-08-08,False,0.9
861,1174,2025-02-16,True,0.95
615,979,2022-12-08,False,0.72
1050,909,2021-10-25,True,0.46
736,1420,2021-12-10,True,0.88
794,457,2023-06-06,False,0.25
89,1017,2022-01-12,False,0.97
562,132,2023-08-14,False,0.14
994,984,2023-01-25,True,0.18
491,672,2020-03-06,True,0.49
726,811,2022-07-29,True,0.91
214,1373,2021-11-27,True,0.92
313,227,2023-05-04,False,0.78
1127,486,2023-03-02,False,0.24
579,1351,2020-02-14,True,0.66
118,547,2022-04-08,True,0.88
742,582,2020-06-15,False,0.05
1375,1363,2021-08-28,False,0.43
829,627,2020-10-04,False,0.39
790,822,2026-04-25,True,0.53
71,208,2022-05-09,False,0.52
1378,1341,2023-02-12,True,0.33
554,303,2026-01-01,False,1.0
640,300,2024-03-02,False,0.54
857,673,2021-04-10,True,0.22
983,684,2021-10-06,False,0.0
199,408,2021-07-18,True,0.9
239,516,2023-06-27,False,0.25
327,519,2021-07-30,True,0.62
467,1375,2025-05-19,False,0.42
1318,143,2026-03-24,True,0.26
762,160,2021-05-18,False,0.41
360,396,2025-12-11,False,0.56
1129,451,2026-03-17,True,0.17
1034,995,2025-02-16,True,0.5
226,449,2024-08-02,False,0.73
30,1126,2021-05-03,False,0.44
671,1089,2025-02-27,True,0.33
1014,117,2020-07-20,True,0.98
244,978,2022-01-04,False,0.25
338,227,2021-06-26,True,0.61
1214,766,2020-11-13,True,0.76
1306,409,2024-07-12,True,0.92
167,683,2021-09-24,False,0.17
614,544,2022-01-08,True,0.66
526,376,2026-01-31,False,0.49
67,739,2023-03-07,False,0.85
1016,1014,2025-09-15,True,0.01
90,48,2025-05-25,False,0.51
128,807,2020-10-10,False,0.71
176,76,2024-03-01,True,0.06
710,1332,2021-11-03,True,0.04
483,1240,2025-02-23,True,0.83
414,778,2025-12-05,False,0.61
267,1334,2021-06-14,True,0.39
1478,1273,2020-11-01,False,0.66
1138,489,2021-12-29,True,0.97
278,797,2022-08-16,False,0.5
843,1039,2023-09-21,True,0.37
537,307,2025-04-25,True,0.92
1043,1313,2026-04-24,True,0.43
1319,138,2024-01-06,True,0.66
1241,971,2020-10-14,False,0.39
61,1172,2021-04-08,False,0.99
20,1444,2023-12-16,True,0.69
375,15,2020-04-12,False,0.21
855,1036,2022-05-05,True,0.16
716,1251,2020-11-17,True,0.98
1372,258,2024-12-08,False,0.68
1146,30,2023-02-19,False,0.09
1469,857,2023-08-14,False,0.31
1329,87,2023-01-17,False,0.92
1500,3,2024-09-04,False,0.65
1163,1207,2022-12-06,False,0.44
1321,149,2025-04-27,True,0.8
125,359,2025-08-24,True,0.64
1068,357,2022-03-01,False,0.33
1170,1285,2022-04-22,True,0.8
1338,503,2026-03-25,True,0.04
714,764,2022-06-06,True,0.6
749,1039,2024-01-14,True,0.63
935,429,2024-08-09,True,0.27
312,842,2024-04-29,True,0.64
407,1326,2023-05-03,True,0.33
1236,1223,2025-03-21,False,0.04
48,885,2021-02-21,True,0.03
1208,842,2024-02-23,False,0.13
842,175,2026-04-06,False,0.36
529,381,2025-10-30,False,0.22
417,548,2025-02-08,False,0.44
351,740,2021-08-27,True,0.72
299,1119,2021-04-15,True,0.2
1107,35,2020-02-03,False,0.74
851,1257,2022-04-07,True,0.15
1044,462,2025-09-21,True,0.62
863,513,2021-10-04,False,0.89
1413,1395,2021-04-24,True,0.54
1342,223,2020-08-04,True,0.97
808,1306,2025-05-15,True,0.86
450,9,2025-11-22,False,0.83
1345,363,2025-01-09,False,0.52
809,531,2020-02-26,False,0.78
904,1240,2021-06-26,True,0.11
675,424,2026-04-22,False,0.41
525,1260,2024-02-09,True,0.73
1403,145,2022-03-26,False,0.84
653,1167,2022-08-20,True,0.59
253,667,2024-06-26,False,0.89
719,1266,2020-12-18,False,0.84
984,1499,2023-07-07,True,0.52
994,423,2023-08-18,False,0.96
1257,710,2025-04-02,True,0.27
1344,701,2022-11-07,True,0.49
1459,1125,2020-04-25,False,0.24
254,112,2022-11-08,True,0.86
953,591,2026-02-24,True,0.35
720,433,2021-12-26,True,0.98
1107,299,2024-09-08,False,0.16
237,741,2022-03-09,True,0.79
797,261,2025-07-09,True,0.09
69,577,2020-09-24,True,0.81
355,123,2023-06-11,True,0.39
685,333,2022-02-06,False,0.84
748,32,2024-08-31,True,0.27
1416,1320,2020-08-17,True,0.43
188,133,2026-04-16,True,0.17
1397,712,2023-12-04,False,0.06
209,1371,2024-10-01,False,0.69
287,730,2020-10-09,False,0.89
988,1471,2023-06-13,True,0.01
952,1189,2020-01-07,True,0.31
141,1128,2025-02-23,False,0.69
757,1024,2020-09-21,True,0.39
564,304,2023-02-09,True,0.41
984,1083,2021-12-31,True,0.69
574,1482,2020-03-14,True,0.56
1092,127,2023-03-01,False,0.39
1135,1378,2020-12-27,True,0.5
496,1235,2022-05-21,False,0.06
650,1220,2020-01-23,False,0.35
1317,302,2020-02-27,True,0.58
382,320,2025-04-24,True,0.0
1130,538,2022-06-18,True,0.23
1296,351,2026-03-21,False,0.69
1093,1021,2024-11-23,True,0.65
1255,340,2022-12-05,False,0.42
1369,932,2023-01-02,False,0.9
802,1197,2023-11-28,False,0.85
90,983,2020-04-22,False,0.87
406,118,2020-04-08,False,0.01
1436,260,2026-01-15,True,0.91
1212,146,2023-03-11,True,0.03
1069,443,2024-04-21,True,0.23
1206,477,2026-01-21,False,0.2
884,901,2025-09-04,False,0.56
1239,703,2022-08-04,True,0.27
573,510,2023-10-22,True,0.77
1285,812,2021-10-08,True,0.16
1331,438,2020-11-16,True,0.39
576,1161,2023-06-20,True,0.2
1274,456,2025-12-14,True,0.86
416,149,2026-04-23,True,0.63
626,1076,2026-01-08,False,0.47
1466,1030,2024-09-07,False,0.73
793,280,2023-03-28,True,0.33
1390,32,2022-05-17,True,0.28
1280,1500,2022-03-13,True,0.58
243,953,2022-07-10,True,0.26
450,576,2024-11-18,True,0.36
1243,1174,2023-09-06,True,0.49
284,1368,2022-06-24,True,0.11
190,301,2020-07-30,False,0.87
216,629,2023-01-24,False,0.24
68,691,2026-01-16,False,0.99
1024,1415,2020-03-08,True,0.12
208,710,2022-07-01,False,0.07
1400,956,2020-11-25,True,0.23
1498,133,2025-04-03,True,0.32
1398,223,2021-08-03,False,0.03
26,1144,2024-01-05,True,0.55
1127,412,2020-11-21,False,0.61
277,725,2025-07-11,False,0.73
723,1061,2021-07-08,True,0.31
449,780,2024-06-19,True,0.88
220,1428,2020-05-24,True,0.23
858,128,2022-08-09,True,0.92
1428,59,2021-08-07,True,0.93
1200,1373,2023-03-17,True,0.97
608,21,2020-11-14,False,0.7
1386,1238,2020-02-14,True,0.49
973,1369,2022-09-24,False,0.22
572,854,2023-03-01,False,0.1
261,1087,2024-05-17,True,0.93
1210,1343,2025-04-23,True,0.8
1486,1348,2020-05-12,False,0.79
991,1193,2026-03-04,False,0.47
1109,1435,2021-04-15,False,0.16
463,381,2021-10-19,True,0.69
965,728,2025-04-14,False,0.57
1487,872,2022-08-31,True,0.26
567,1491,2024-08-18,False,0.97
1446,690,2020-01-17,True,0.02
960,144,2022-06-07,False,0.18
39,1229,2021-07-20,False,0.0
724,715,2026-04-03,False,0.07
1474,693,2022-10-05,True,0.03
851,633,2025-05-05,False,0.78
245,1404,2025-03-13,False,0.78
463,81,2021-09-22,False,0.78
855,451,2025-02-18,False,0.49
1392,207,2024-11-28,True,0.64
743,41,2025-05-23,True,0.17
260,303,2022-04-21,False,0.94
850,300,2022-06-09,True,0.14
528,1305,2020-06-16,False,0.43
959,1357,2022-09-08,False,0.71
887,99,2020-07-23,True,0.49
1266,1034,2025-02-22,False,0.72
492,146,2025-03-13,False,0.47
44,1398,2022-09-07,True,0.32
428,1363,2021-09-21,True,0.73
745,2,2024-10-06,False,0.39
1125,1291,2021-10-12,True,0.84
869,244,2021-04-11,True,0.9
1286,172,2023-10-31,True,0.27
4,997,2023-03-25,True,0.25
149,666,2024-04-01,False,0.91
219,641,2021-12-14,True,0.12
173,943,2022-07-27,True,0.17
628,647,2021-10-09,False,0.66
703,271,2023-04-17,False,0.1
60,298,2024-07-21,False,0.8
873,729,2023-10-13,False,0.82
1269,1017,2022-07-27,True,0.45
702,544,2022-09-20,True,0.41
543,160,2020-12-24,True,0.81
544,479,2023-08-21,False,0.89
756,1318,2021-07-29,False,0.39
994,497,2022-04-19,False,0.29
20,1271,2024-04-03,False,0.81
460,717,2022-10-04,False,0.53
332,877,2024-08-18,True,0.57
709,605,2023-03-06,False,0.54
1206,22,2022-03-26,True,0.65
203,71,2023-05-15,True,0.82
1019,527,2022-06-19,True,0.23
358,1052,2020-11-04,True,0.12
1008,302,2025-02-05,True,0.83
488,676,2025-07-11,False,0.51
1179,1337,2021-01-01,True,0.19
1434,1403,2025-05-08,True,0.57
356,493,2023-04-23,False,0.18
1063,820,2025-11-20,True,0.06
1438,1256,2026-03-15,False,0.94
567,948,2023-02-18,True,0.06
876,500,2020-10-24,True,0.43
435,157,2025-04-17,False,0.66
659,370,2025-11-06,True,0.07
424,281,2025-02-19,False,0.46
1058,854,2022-01-13,True,0.44
749,596,2025-12-19,True,0.4
1194,1103,2021-11-30,False,0.5
256,1364,2022-02-03,True,0.04
456,554,2020-11-24,True,0.01
1171,1209,2024-11-14,True,0.46
1480,1431,2020-08-18,True,0.79
531,201,2021-12-12,True,0.38
79,449,2022-07-16,False,0.3
1197,1499,2023-10-23,False,0.6
1494,1409,2021-11-24,False,0.88
476,1256,2023-03-07,False,0.82
360,150,2025-07-31,True,0.48
1479,1378,2023-11-03,False,0.17
126,638,2024-04-09,False,0.83
760,1413,2023-04-14,True,0.76
471,112,2021-05-08,True,0.75
457,971,2020-07-27,False,0.45
1358,232,2026-04-13,False,0.72
244,864,2023-11-11,False,0.98
480,203,2020-11-12,True,0.57
172,1050,2024-10-07,False,0.42
241,1449,2023-08-26,True,0.1
752,160,2022-12-11,True,0.4
488,1123,2022-07-02,True,0.75
476,1107,2020-06-10,True,0.42
1376,526,2021-07-04,True,0.6
401,967,2025-07-13,False,0.31
1117,1463,2022-12-01,False,0.13
305,1375,2026-02-17,True,0.64
526,495,2026-02-15,True,0.33
26,1440,2024-06-20,False,0.5
404,551,2024-06-28,False,0.45
747,1064,2022-02-26,False,0.8
477,741,2020-05-05,True,0.12
1335,858,2024-06-17,False,0.72
92,1360,2021-04-23,False,0.28
807,1444,2023-11-03,False,0.36
213,846,2025-08-25,False,0.87
223,776,2021-04-14,False,0.8
87,470,2024-01-20,True,0.51
1190,675,2022-10-17,True,0.3
255,566,2026-02-20,True,0.62
115,984,2025-07-29,False,0.28
734,599,2023-12-12,False,0.39
686,1017,2025-08-15,True,0.59
368,855,2024-11-11,False,0.28
104,680,2021-01-31,False,0.39
827,1109,2024-01-17,False,0.55
32,614,2021-12-24,True,0.58
37,1274,2025-06-07,False,0.47
1000,792,2024-06-23,True,0.47
1299,701,2026-02-11,False,0.32
213,962,2022-10-03,True,0.63
447,163,2023-05-26,False,0.6
1016,30,2025-06-02,False,0.31
78,895,2024-02-19,True,0.92
1284,485,2024-09-06,False,0.02
984,47,2022-07-18,True,0.77
1325,873,2026-03-24,False,0.88
907,278,2022-10-26,True,0.5
1004,918,2025-08-13,True,0.6
231,381,2022-12-18,True,0.95
849,421,2025-01-18,True,0.98
1092,611,2023-04-02,False,0.28
1390,339,2025-02-11,True,0.27
572,1340,2025-05-20,False,0.53
1357,637,2024-06-24,False,0.9
1251,101,2022-02-05,True,0.1
208,997,2020-11-19,False,0.27
625,419,2025-07-28,False,0.03
1286,794,2021-06-01,True,0.17
536,506,2025-04-16,True,0.12
1393,975,2023-10-31,False,0.24
266,15,2025-08-12,True,0.88
568,643,2021-01-21,True,0.25
8,80,2020-11-14,True,0.07
747,1043,2022-09-04,False,0.71
618,1111,2026-01-15,False,0.47
1499,598,2022-05-20,False,0.9
1049,518,2020-05-03,True,0.85
38,429,2022-09-01,False,0.73
585,355,2026-03-27,True,0.98
1157,716,2025-06-05,False,0.97
347,291,2022-11-04,True,0.08
238,458,2025-05-03,False,0.43
1064,625,2022-02-04,False,0.14
583,857,2024-11-02,True,0.21
493,288,2025-08-20,False,0.67
1468,567,2025-07-19,True,0.03
179,1360,2021-11-05,True,0.63
109,1135,2022-12-17,False,0.95
290,1500,2026-02-18,True,0.84
1250,741,2023-02-19,False,0.67
92,339,2026-02-07,False,0.75
685,413,2023-09-18,True,0.74
428,631,2020-03-21,True,0.19
339,235,2026-02-16,False,0.49
105,1236,2021-07-30,True,0.91
593,1160,2024-11-10,True,0.76
1456,1118,2023-07-28,False,0.48
724,496,2023-08-28,False,0.61
315,1467,2021-03-27,True,0.99
1482,922,2020-05-09,True,0.18
523,746,2020-08-24,False,0.8
481,887,2024-01-19,False,0.82
1260,1064,2020-06-02,False,0.24
719,1035,2020-06-27,False,0.07
571,1412,2026-02-26,True,0.67
123,161,2020-01-02,True,0.59
221,382,2020-06-25,False,0.45
427,1308,2021-09-02,False,0.52
563,428,2020-10-03,False,0.49
247,1154,2023-05-07,True,0.32
1108,599,2020-11-24,False,0.3
1128,298,2025-05-13,True,0.75
540,1243,2021-01-07,True,0.68
457,420,2022-12-04,False,0.59
132,1468,2024-10-19,True,0.45
1087,69,2021-09-05,True,0.89
1460,960,2022-01-03,True,0.51
1265,3,2026-01-21,False,0.43
636,1003,2025-07-29,False,0.66
721,802,2020-06-24,False,0.43
515,66,2025-06-20,False,0.39
891,129,2023-03-05,True,0.55
386,1219,2024-11-25,False,0.12
656,761,2022-10-10,True,0.06
1390,132,2021-12-25,True,0.89
816,577,2021-08-31,False,0.08
91,346,2025-05-31,True,0.9
42,702,2025-03-30,False,0.8
21,38,2022-11-22,True,0.63
1075,1264,2026-01-14,False,0.43
1148,824,2024-11-09,False,0.14
906,764,2022-03-16,False,0.26
564,958,2020-01-05,False,0.47
374,501,2025-11-22,True,0.14
1450,986,2021-05-20,False,0.55
875,1325,2022-05-04,True,0.31
324,1191,2023-08-16,False,0.15
1460,1335,2024-01-24,False,0.06
1373,1101,2021-05-17,True,0.33
1269,1236,2023-03-03,False,0.66
338,1312,2024-01-23,False,0.99
1057,212,2021-08-06,False,0.2
98,501,2024-09-29,False,0.28
346,535,2021-04-15,True,0.99
472,592,2022-01-23,True,0.2
1129,1195,2024-07-05,False,0.63
150,943,2021-03-17,False,0.45
1407,251,2023-04-04,True,0.53
897,1466,2023-03-17,True,0.46
205,193,2023-02-22,True,0.14
227,980,2025-12-22,True,0.0
63,186,2020-06-27,False,0.44
492,450,2020-10-08,True,0.4
61,861,2021-09-17,True,0.69
1036,122,2025-11-27,True,0.9
1071,1395,2022-07-18,True,0.49
264,467,2020-03-23,False,0.14
843,757,2022-11-27,True,0.58
655,218,2022-02-25,True,0.78
524,709,2025-04-15,False,0.79
799,868,2025-11-25,True,0.6
749,918,2023-12-31,False,0.14
137,1367,2024-10-25,False,0.39
304,1113,2024-11-26,False,0.37
331,1040,2024-05-17,False,0.66
1315,960,2025-02-08,False,0.83
421,1129,2025-01-31,True,0.85
477,1100,2023-10-22,False,0.26
988,440,2025-01-18,False,0.68
962,584,2021-03-23,True,0.58
416,885,2022-08-18,False,0.73
391,796,2025-01-23,False,0.63
75,225,2021-07-12,False,0.03
824,928,2024-10-07,False,0.39
1434,608,2020-03-31,True,0.88
766,805,2025-07-22,False,0.44
329,1285,2021-12-21,True,0.05
365,697,2020-10-04,False,0.17
340,482,2020-11-06,True,0.68
666,694,2020-05-10,False,0.41
708,382,2024-02-15,True,0.38
893,1197,2024-01-05,True,0.15
144,1167,2022-07-12,False,0.9
1181,245,2022-12-14,False,0.81
894,449,2020-09-24,False,0.98
1427,261,2025-07-28,False,0.09
1330,1443,2024-02-05,True,0.33
437,22,2025-05-31,False,0.43
640,996,2020-10-30,True,0.17
1062,620,2020-09-25,True,0.23
414,43,2021-11-02,False,0.38
983,1490,2024-04-28,True,0.29
646,137,2024-09-30,True,0.49
129,903,2023-07-28,True,0.26
389,397,2021-02-17,False,0.12
824,1146,2020-01-12,False,0.79
177,988,2025-09-24,True,0.74
1022,1403,2022-05-12,False,0.98
31,174,2024-01-05,True,0.67
1013,1035,2025-09-18,True,0.93
1058,1436,2023-07-10,True,0.9
299,364,2026-04-29,True,0.84
834,501,2021-09-08,True,0.76
337,508,2020-03-12,False,0.67
648,1336,2026-02-25,False,0.06
694,679,2022-04-20,True,0.66
474,939,2022-09-25,False,0.7
1202,678,2021-04-09,False,0.48
1468,919,2024-08-07,False,0.5
1499,1414,2021-07-05,False,0.27
281,561,2020-01-17,True,0.17
1330,482,2020-10-11,True,0.36
1122,855,2023-02-13,True,0.09
1209,1279,2020-03-06,True,0.53
1196,816,2025-09-24,False,0.07
114,525,2021-01-14,True,0.39
584,1313,2022-09-29,True,0.12
73,1309,2025-06-10,False,0.88
1457,1163,2022-05-12,True,0.47
404,118,2022-04-07,True,0.61
997,203,2020-08-11,False,0.44
184,152,2024-04-30,True,0.43
85,1108,2024-02-20,False,0.67
426,782,2022-08-30,False,0.91
522,899,2021-04-14,False,0.6
712,293,2025-09-30,False,0.75
877,834,2024-04-14,False,0.71
504,237,2025-09-06,False,0.03
677,1087,2020-11-19,True,0.72
19,1229,2024-04-22,True,0.69
767,479,2025-09-08,False,0.1
12,363,2024-08-01,False,0.46
463,12,2022-11-05,True,0.04
565,858,2020-06-15,True,0.93
280,415,2025-05-25,True,0.69
958,409,2022-12-02,False,0.14
866,1396,2025-09-17,True,0.49
118,1148,2025-09-23,True,0.46
159,299,2023-10-07,False,0.79
332,1195,2025-06-02,True,0.39
451,499,2021-06-26,False,0.09
1225,1215,2020-09-27,True,0.02
94,601,2020-05-11,False,0.11
116,367,2020-12-08,True,0.69
646,955,2020-03-26,False,0.11
408,780,2025-07-07,False,0.99
790,158,2024-04-28,True,0.57
1131,786,2022-08-07,True,0.58
1413,276,2021-07-28,False,0.88
508,702,2021-07-04,False,0.35
930,40,2020-12-28,True,0.47
698,1450,2021-09-04,False,0.6
177,856,2020-07-09,False,0.37
360,1303,2023-06-14,True,0.59
1403,1183,2025-04-26,False,0.79
627,1474,2023-08-04,True,0.04
1448,1159,2020-10-23,True,0.62
715,1187,2023-06-20,False,0.13
878,1454,2024-04-23,True,0.36
631,509,2023-01-13,False,0.86
406,1443,2024-04-21,False,0.48
301,239,2022-07-01,True,0.03
824,847,2022-12-05,True,0.15
671,1322,2026-01-30,True,0.35
542,1037,2025-12-30,True,0.23
620,74,2020-01-20,False,0.21
610,1366,2022-12-03,False,0.25
594,930,2024-10-08,False,0.16
1159,224,2025-10-08,False,0.25
1170,1146,2024-02-26,False,0.3
565,586,2020-03-10,True,0.08
66,1140,2020-08-14,True,0.12
947,109,2025-10-11,False,0.75
547,1038,2024-01-02,True,0.02
320,1461,2025-05-22,False,0.12
1113,1444,2021-01-25,False,0.72
611,1181,2020-12-24,False,0.13
995,1402,2020-10-13,False,0.54
672,394,2024-02-11,True,0.67
1019,293,2025-09-10,True,0.36
777,816,2025-10-08,True,0.91
1259,247,2025-05-22,True,0.85
1238,71,2021-02-25,True,0.7
795,734,2021-10-27,True,0.63
548,393,2023-12-06,False,0.49
853,629,2025-08-28,True,0.64
918,1016,2025-05-03,False,0.96
116,547,2022-10-21,False,0.47
22,1324,2022-12-15,True,0.53
1307,1111,2022-09-14,True,0.92
684,1088,2026-01-05,True,0.26
257,817,2023-05-12,True,0.66
59,759,2024-05-07,False,0.74
27,1410,2022-02-21,True,0.61
767,95,2026-03-27,False,0.92
903,1147,2023-07-27,False,0.69
233,1211,2023-10-15,False,0.79
1099,200,2023-11-27,False,0.58
1170,1356,2024-04-05,False,0.03
675,525,2023-06-09,True,0.58
833,421,2023-03-17,True,0.61
29,1226,2025-03-20,True,1.0
436,522,2021-09-12,True,0.32
614,862,2020-07-27,True,0.61
266,744,2025-10-12,True,0.25
1205,136,2022-10-04,False,0.21
864,429,2020-04-18,False,0.51
1216,213,2025-12-26,False,0.59
11,441,2020-02-23,True,0.32
173,1346,2020-11-23,True,0.72
1356,125,2023-09-24,False,0.93
1104,852,2023-04-10,True,0.99
51,484,2024-11-17,False,0.23
1228,1155,2021-06-28,True,0.09
975,507,2021-05-24,True,0.51
81,824,2022-01-15,False,0.23
1198,670,2022-07-12,True,0.45
172,888,2020-02-29,False,0.58
1294,280,2022-06-01,False,0.36
847,327,2023-06-24,True,0.58
637,419,2025-08-29,False,0.72
1312,1344,2025-08-24,False,0.72
592,57,2024-12-28,False,0.45
820,1386,2023-10-18,True,0.95
251,712,2021-04-04,True,0.01
319,564,2025-03-06,False,0.2
965,1284,2025-12-17,False,0.55
1321,1025,2023-10-17,False,0.03
524,371,2023-10-15,True,0.44
878,1005,2020-03-15,False,0.02
369,913,2022-04-22,True,0.74
600,1496,2025-06-10,False,0.53
956,3,2022-09-30,False,0.84
928,1044,2022-11-17,False,0.88
323,1452,2023-01-02,True,0.13
759,606,2025-02-14,True,0.75
1021,464,2024-09-29,True,0.87
1003,1142,2025-09-18,True,0.75
1278,297,2024-11-26,True,0.54
878,707,2021-03-27,True,0.71
903,70,2021-02-10,True,0.75
31,987,2025-04-10,True,0.65
85,569,2021-01-08,False,0.49
436,1041,2020-10-06,True,0.14
1147,405,2025-10-03,True,0.42
192,539,2025-07-16,True,0.88
78,983,2026-04-13,True,0.03
139,1110,2025-11-03,True,0.68
222,51,2025-01-01,False,0.9
178,1132,2023-05-06,False,0.87
522,195,2021-02-02,True,0.1
822,653,2021-10-19,True,0.42
1061,683,2025-11-11,True,0.15
854,1142,2024-04-04,True,0.19
833,185,2022-02-20,True,0.03
1299,561,2026-03-31,False,0.83
635,373,2022-04-22,False,0.97
328,103,2025-01-23,False,0.46
856,521,2020-06-25,False,0.69
597,256,2020-02-22,True,0.91
697,27,2020-06-05,True,0.6
740,229,2024-07-06,True,0.33
1173,170,2020-05-19,False,0.21
651,539,2021-03-26,True,0.01
1087,1056,2021-09-08,True,0.46
669,538,2025-11-02,False,0.93
393,683,2025-12-11,False,0.69
1152,439,2025-02-11,True,0.18
434,151,2020-10-11,True,0.18
178,29,2023-12-31,True,0.43
798,732,2023-12-24,False,0.64
174,1472,2023-01-19,False,0.65
1138,999,2022-01-23,True,0.2
113,351,2025-07-31,True,0.96
189,614,2025-02-01,False,0.04
465,721,2020-06-18,False,0.53
1493,386,2024-08-19,True,0.85
654,745,2023-11-19,False,0.25
398,195,2024-10-01,False,0.94
223,1008,2023-05-20,True,0.79
1123,1228,2021-04-19,True,0.21
15,949,2025-11-03,True,0.59
918,1216,2025-03-14,False,0.48
969,604,2022-09-15,False,0.03
1153,1270,2022-08-25,False,0.85
633,1317,2020-08-29,False,0.89
1394,1481,2025-07-07,True,0.01
723,99,2020-01-28,True,0.17
1378,262,2023-12-27,False,0.01
920,1272,2020-03-08,False,0.42
546,730,2024-06-19,False,0.82
780,1302,2025-11-19,True,0.42
1101,401,2025-09-24,True,0.24
186,1309,2020-06-14,True,0.32
1339,527,2025-01-03,False,0.68
1180,168,2023-03-29,True,0.11
93,1412,2023-09-20,False,0.78
537,1040,2025-03-12,False,0.08
1292,852,2023-01-18,True,0.04
1234,265,2021-12-29,True,0.32
214,740,2020-12-12,False,0.28
1431,153,2021-01-03,True,0.85
211,508,2026-01-19,False,0.96
509,1408,2022-05-25,False,0.37
1311,765,2023-09-11,True,0.25
920,624,2023-08-23,False,0.06
694,651,2023-10-01,True,0.09
146,805,2023-01-04,True,0.25
464,1463,2021-06-12,False,0.49
606,435,2020-12-14,False,0.39
99,1474,2023-10-29,True,0.2
1244,25,2023-04-20,True,0.21
817,410,2025-09-07,False,0.47
734,1090,2020-10-11,True,0.53
915,952,2025-09-23,True,0.7
12,1419,2022-02-20,True,0.28
630,228,2020-07-31,True,0.19
100,755,2021-10-05,False,0.81
996,880,2020-08-25,True,0.47
350,760,2020-01-29,False,0.41
1395,510,2025-03-24,False,0.2
878,872,2021-07-12,True,0.82
476,563,2026-04-05,False,0.0
726,944,2026-03-25,False,0.55
309,1058,2026-03-20,False,0.16
1103,262,2025-06-08,True,0.52
544,1175,2025-01-20,True,0.67
854,1081,2021-10-06,True,0.65
174,515,2021-08-02,False,0.25
1374,639,2020-10-06,True,0.74
715,1286,2022-08-31,True,0.51
1127,1103,2024-04-12,True,0.36
1484,151,2025-05-24,True,0.77
296,764,2020-01-17,False,0.86
498,409,2026-01-06,False,0.38
704,512,2020-05-07,True,0.06
285,1197,2024-03-26,True,0.2
892,497,2020-08-10,True,0.81
574,682,2021-12-30,False,0.7
1025,704,2024-02-06,True,0.9
206,1449,2025-01-06,True,0.3
261,54,2026-03-08,False,0.12
1181,1203,2023-04-03,True,0.62
640,1349,2020-12-16,False,0.3
912,1428,2024-04-16,True,0.94
1265,1250,2025-04-17,True,0.49
1061,763,2026-02-28,False,0.56
906,1375,2023-07-14,True,0.09
349,742,2020-07-22,False,0.37
874,801,2021-08-28,False,0.86
1076,684,2020-06-26,False,0.07
670,1177,2025-11-18,True,0.26
40,1199,2020-10-11,False,0.64
106,524,2023-01-15,True,0.54
46,205,2022-04-06,True,0.66
1361,1499,2021-06-06,True,0.97
459,755,2021-01-29,False,0.11
604,666,2021-07-16,False,0.15
1307,1203,2020-08-26,True,0.13
807,854,2025-08-03,False,0.85
251,634,2023-08-29,False,0.04
1268,998,2024-11-02,False,0.4
1045,546,2020-01-19,False,0.06
1160,316,2024-08-05,True,0.61
406,1137,2022-09-16,False,0.5
342,913,2024-06-03,False,0.22
516,499,2023-10-16,False,0.32
692,1360,2022-03-25,False,0.18
1343,81,2025-07-01,True,0.71
1295,857,2023-06-21,True,0.7
1402,1002,2020-01-30,False,0.99
256,1451,2020-08-06,True,0.22
980,408,2025-06-28,False,0.77
1444,1448,2024-10-10,True,0.85
1243,1428,2025-03-02,False,0.13
379,664,2021-06-19,False,0.47
1153,313,2025-03-12,False,0.72
186,1392,2022-06-28,False,0.26
261,1119,2020-10-16,True,0.78
1078,879,2024-10-16,True,0.1
1236,548,2024-03-21,True,0.58
1129,819,2021-05-03,True,0.85
301,376,2022-07-05,False,0.21
798,821,2023-08-30,False,0.34
442,427,2020-01-12,False,0.31
820,724,2025-10-18,False,0.71
1046,633,2023-06-15,True,0.3
913,289,2025-04-05,False,0.01
370,1411,2021-03-15,False,0.33
766,264,2024-01-24,True,0.48
1022,900,2023-09-21,False,0.57
919,44,2023-04-25,False,0.2
1000,1255,2025-05-24,False,0.6
1350,213,2023-01-18,False,0.8
1074,464,2026-01-13,True,0.73
295,217,2022-07-24,True,0.62
1138,1396,2020-05-08,True,0.79
112,1110,2020-03-19,False,0.17
513,1071,2022-08-25,False,0.96
245,169,2022-11-10,True,0.18
227,1080,2024-05-18,True,0.71
378,944,2023-05-17,False,0.67
425,646,2024-07-15,False,0.92
889,679,2024-12-09,True,0.88
824,247,2025-07-27,True,0.21
1223,1299,2021-05-21,True,0.23
284,617,2021-01-22,False,0.75
888,1142,2021-05-28,True,0.72
544,52,2022-04-09,False,0.84
1076,797,2020-11-16,False,0.51
564,1009,2023-07-05,False,0.08
624,1220,2022-02-26,False,0.97
1409,1407,2022-02-18,True,0.62
128,56,2025-06-12,False,0.91
1428,1123,2024-12-19,True,0.81
683,1437,2021-01-24,False,0.98
1405,587,2020-04-20,True,0.92
1433,1402,2022-01-07,False,0.56
1468,1098,2020-05-16,False,0.36
188,834,2021-02-11,True,0.2
1202,1295,2024-09-08,False,0.05
1103,598,2023-07-23,False,0.93
469,579,2022-03-15,False,0.46
767,1293,2024-03-23,False,0.13
449,536,2023-03-07,True,0.18
230,928,2021-05-11,True,0.35
986,1266,2023-10-21,False,0.84
739,1097,2020-06-25,False,0.81
1147,422,2022-07-22,False,0.97
1292,89,2021-02-05,False,0.34
1183,936,2020-11-11,False,1.0
779,1118,2025-06-05,True,0.76
994,146,2020-11-14,True,0.91
1209,855,2020-06-10,False,0.77
1185,618,2021-03-08,True,0.17
199,251,2023-03-24,True,0.25
298,43,2020-05-01,True,0.18
109,1498,2021-10-27,False,0.53
524,613,2021-02-16,False,0.9
895,47,2022-04-07,True,0.92
1404,1385,2025-11-10,False,0.53
1390,930,2021-01-27,True,0.24
1320,1184,2025-06-26,False,0.2
1010,650,2025-12-08,False,0.98
525,1129,2022-10-07,True,0.7
991,1421,2024-11-08,True,0.11
482,810,2021-09-07,True,0.44
836,1492,2024-03-09,False,0.25
475,1491,2021-06-13,False,0.77
669,65,2025-03-20,True,0.42
125,293,2020-05-09,True,0.82
1183,1425,2025-04-30,False,0.26
612,488,2024-11-09,False,0.88
691,829,2022-04-03,False,0.34
1320,918,2024-04-18,False,0.65
804,486,2024-07-15,True,0.09
1242,1480,2022-08-24,True,0.21
637,1435,2026-03-29,True,0.06
225,1299,2022-05-08,False,0.47
473,144,2020-09-18,False,0.24
1261,701,2024-10-05,True,0.09
913,386,2022-08-10,True,0.64
872,698,2025-11-27,False,0.93
87,984,2023-02-01,False,0.95
507,1454,2025-09-11,True,0.97
40,508,2020-05-21,True,0.72
257,178,2021-11-04,True,0.81
1339,1212,2026-02-10,True,0.45
1054,665,2026-02-28,True,0.29
921,1445,2022-12-25,False,0.22
80,863,2023-06-18,False,0.8
1379,235,2023-07-12,False,0.5
783,1118,2022-08-08,True,0.51
610,897,2020-10-08,False,0.17
1057,1275,2022-10-05,True,0.36
1112,334,2021-04-02,False,0.25
1020,1221,2020-05-07,False,0.07
886,1143,2022-06-16,True,0.62
1221,558,2025-09-26,False,0.07
1464,195,2025-01-31,True,0.66
954,451,2024-04-07,False,0.54
1456,919,2024-11-02,True,0.25
682,833,2021-11-15,True,0.61
56,1349,2022-01-04,True,0.75
365,16,2023-01-28,False,0.36
509,735,2024-07-26,True,0.12
246,194,2023-03-19,False,0.88
214,146,2020-02-15,False,0.23
353,709,2025-04-12,True,0.22
1003,1293,2020-10-21,False,0.22
523,879,2020-03-05,False,0.54
1209,960,2024-07-04,False,0.06
1046,1399,2025-06-17,True,0.36
650,1295,2021-04-20,True,0.96
198,402,2024-05-30,True,0.18
1466,1112,2022-09-02,False,0.72
1210,250,2021-04-26,False,0.1
1242,1184,2022-05-23,True,0.23
1406,1488,2022-02-10,False,0.38
184,535,2024-03-22,True,0.56
553,981,2025-07-09,True,0.75
1325,1427,2023-07-19,True,0.14
154,763,2025-01-10,False,0.0
145,240,2022-02-06,True,0.93
1029,1492,2023-09-24,True,0.51
111,1337,2022-02-10,True,0.98
829,1090,2020-11-27,False,0.74
608,677,2023-07-07,False,0.24
1457,684,2024-07-23,True,0.8
1334,1416,2024-05-30,False,0.54
416,1202,2026-04-06,True,0.12
569,898,2025-01-15,True,0.75
303,1438,2024-07-14,False,0.79
1091,977,2020-10-13,True,0.18
938,239,2022-02-17,False,0.27
913,1409,2024-01-02,False,0.08
1291,579,2020-08-12,True,0.78
106,730,2022-09-16,True,0.44
1316,1319,2025-10-05,False,0.62
914,27,2023-07-04,False,0.31
665,486,2023-09-13,True,0.96
476,158,2023-03-20,False,0.19
139,1074,2024-04-06,True,0.34
1458,991,2023-09-24,False,0.98
863,838,2023-09-19,False,0.51
1314,1137,2020-07-20,True,0.15
1085,113,2021-05-21,True,0.67
935,1226,2020-01-25,False,0.67
37,527,2025-02-24,True,0.37
504,1246,2024-09-10,True,0.62
208,1402,2021-09-10,True,0.45
84,1294,2022-06-09,False,0.06
230,982,2020-01-27,True,0.93
268,356,2022-05-08,False,0.43
824,1080,2020-12-19,False,0.52
66,398,2022-03-30,True,0.7
1173,667,2020-05-29,False,0.13
728,172,2025-10-10,False,0.11
916,1364,2022-12-10,True,0.82
172,394,2025-04-24,False,0.79
1106,727,2024-03-24,True,0.19
1432,362,2023-10-01,False,0.25
251,1125,2024-12-23,False,0.75
1403,1238,2020-05-24,False,0.2
612,1078,2026-01-10,True,0.49
1418,1396,2020-11-09,True,0.53
34,1422,2020-01-02,True,0.21
865,768,2024-06-14,True,0.83
756,1049,2020-06-21,False,0.67
654,883,2023-02-03,False,0.83
136,200,2020-10-13,True,0.56
605,432,2020-04-23,False,0.71
841,992,2024-01-02,False,0.58
999,407,2023-01-17,True,0.77
1254,249,2020-10-29,False,0.46
518,903,2024-12-27,True,0.56
900,519,2023-02-03,True,0.46
799,1039,2022-08-25,False,0.05
629,1361,2022-04-04,False,0.54
88,1059,2021-01-16,False,0.91
137,37,2023-04-12,True,0.89
1139,228,2023-12-08,True,0.03
254,614,2020-11-26,False,0.44
245,62,2020-06-22,True,0.57
232,1269,2026-02-14,False,0.65
1486,958,2020-12-14,True,0.9
71,980,2025-06-19,True,0.93
1300,858,2025-03-08,True,0.05
841,1152,2024-11-15,True,0.74
381,646,2021-10-17,True,0.9
1221,1110,2022-05-03,True,0.93
357,486,2025-05-30,False,0.84
153,437,2022-06-14,True,0.25
195,1436,2020-08-14,False,0.96
788,878,2020-08-16,False,0.67
401,580,2025-12-11,True,1.0
740,155,2024-04-07,False,0.12
745,1347,2025-02-25,True,0.3
669,1427,2025-09-23,True,0.08
65,1194,2020-12-16,False,0.32
621,161,2024-05-11,False,0.07
1453,1276,2022-04-11,True,0.6
554,313,2025-07-21,False,0.93
964,452,2020-02-21,True,0.15
1449,749,2026-01-04,True,0.4
516,170,2025-11-24,False,0.18
1410,532,2022-07-10,False,0.22
1316,669,2020-01-27,False,0.11
1256,279,2025-12-09,True,0.91
572,1358,2022-08-02,False,0.97
229,906,2021-03-08,False,0.89
1494,1364,2023-03-07,False,0.63
163,353,2023-07-11,True,0.16
102,50,2023-10-09,False,0.77
667,734,2020-11-18,False,0.06
1351,1457,2023-07-07,False,0.87
1150,1459,2023-03-25,False,0.05
413,539,2022-04-13,True,0.49
663,85,2020-01-16,False,0.18
297,614,2021-01-01,False,0.04
154,677,2025-06-12,True,0.13
749,978,2024-08-28,True,0.86
402,1004,2021-09-30,False,0.43
159,683,2020-04-02,False,0.68
1289,1229,2024-12-01,False,0.62
910,584,2021-04-25,False,0.68
578,70,2021-07-21,True,0.29
51,514,2025-05-08,True,0.02
1347,975,2025-10-04,True,0.34
1147,600,2025-07-14,True,0.29
325,571,2024-08-21,False,0.35
1231,336,2026-02-19,False,0.2
121,683,2025-07-22,True,0.38
1325,891,2025-02-14,False,0.3
1343,944,2024-03-10,False,0.68
684,964,2021-05-27,False,0.08
452,368,2020-08-26,False,0.52
507,116,2021-10-28,False,0.16
226,156,2023-10-15,False,0.4
787,424,2025-07-21,True,0.92
625,865,2020-12-10,True,0.79
1216,601,2022-12-15,True,0.56
1415,1091,2021-11-08,True,0.58
522,773,2024-12-02,True,0.76
937,489,2025-10-07,False,0.95
782,1102,2025-02-06,False,0.53
418,922,2025-02-15,True,0.25
623,1314,2021-05-08,True,0.2
1454,575,2022-04-06,False,0.08
701,637,2025-02-22,True,0.21
907,1446,2024-04-04,True,0.82
576,979,2025-05-18,False,0.03
159,552,2023-09-23,True,0.23
101,1137,2023-02-20,False,0.64
341,296,2024-09-26,True,0.33
1038,887,2023-05-14,True,0.98
268,56,2022-10-05,True,0.98
509,962,2026-03-14,True,0.88
1484,962,2021-12-08,False,0.52
39,1285,2021-01-12,False,0.43
608,950,2024-08-03,False,0.44
499,636,2021-04-01,False,0.67
977,1357,2025-04-30,True,0.44
641,58,2024-03-20,True,0.38
1040,815,2021-02-04,False,0.04
595,59,2021-12-29,True,0.2
1218,1119,2025-12-20,False,0.48
642,832,2024-06-03,False,0.9
313,723,2023-05-22,True,0.04
1257,287,2025-01-10,True,0.61
391,49,2026-02-04,False,0.24
774,901,2020-02-03,False,0.33
783,826,2021-04-02,False,0.72
912,1276,2020-06-02,True,0.02
150,827,2026-02-03,True,0.89
579,1434,2020-05-17,True,0.61
125,206,2022-09-02,False,0.95
91,171,2025-06-30,False,0.08
1489,1205,2024-04-24,True,0.36
41,1292,2026-03-15,False,0.14
1111,1101,2022-11-12,True,0.54
1480,1209,2025-12-04,True,0.7
251,513,2023-04-12,False,0.01
793,1340,2024-01-30,False,0.06
1177,11,2025-12-18,True,0.37
1055,1127,2021-05-07,False,0.67
783,318,2021-10-24,True,0.65
118,574,2025-06-29,False,0.55
277,280,2020-04-03,True,0.68
1064,727,2024-09-16,False,0.77
1228,187,2023-08-20,True,0.45
1475,1174,2020-07-30,True,0.5
1106,1429,2022-01-15,True,0.79
110,1279,2022-08-10,False,0.52
621,1422,2024-10-26,False,0.09
255,490,2022-03-02,False,0.27
1196,142,2022-02-14,False,0.25
1469,1140,2022-01-11,True,0.76
526,277,2023-09-07,True,0.83
961,1043,2026-03-15,False,0.58
843,467,2021-04-04,True,0.42
1151,108,2020-11-01,True,0.09
1137,230,2023-03-31,True,0.52
1197,457,2023-06-05,True,0.65
1396,782,2021-02-15,True,0.91
1318,426,2023-02-18,True,0.45
829,1388,2020-09-30,True,0.11
1271,1330,2020-10-10,False,0.59
1183,435,2021-01-27,False,0.77
32,815,2021-04-27,True,0.03
1123,1092,2023-05-19,True,0.59
599,699,2024-10-17,True,0.35
283,768,2021-03-20,False,0.79
210,1018,2026-04-09,True,0.24
556,770,2023-03-19,True,0.09
1255,479,2022-04-17,False,0.68
434,74,2025-12-09,False,0.93
1417,235,2020-09-05,True,0.79
698,1328,2020-06-21,False,0.98
1052,784,2022-04-06,False,0.08
1246,362,2024-01-06,False,0.71
497,149,2025-09-06,True,0.12
156,730,2025-08-28,True,0.01
1495,1044,2025-06-20,False,0.36
229,558,2023-12-14,True,0.55
340,401,2021-08-20,True,0.5
334,1197,2020-08-05,False,0.8
211,712,2023-07-05,True,0.23
410,734,2023-08-11,True,0.15
941,1196,2025-08-03,True,0.12
1485,1362,2026-04-06,True,0.12
990,1196,2021-08-06,True,0.94
1206,868,2025-09-23,False,0.41
948,245,2025-12-17,False,0.55
1484,647,2025-03-29,False,0.31
907,376,2025-01-04,True,0.97
993,1054,2026-02-10,True,0.78
839,904,2022-09-08,False,0.16
1214,123,2024-02-07,False,0.15
595,459,2025-11-02,False,0.62
567,1172,2022-04-04,False,0.06
658,225,2020-07-02,False,0.84
1079,324,2021-01-01,False,0.76
504,181,2024-03-20,False,0.11
308,1432,2022-11-27,False,0.67
1281,421,2022-12-19,True,0.3
601,343,2023-01-23,True,0.55
1306,714,2024-12-30,False,0.01
1371,771,2020-02-23,True,0.69
922,1446,2025-08-03,False,0.67
879,721,2022-09-14,False,0.25
648,372,2024-06-12,True,0.04
1121,1408,2020-12-15,False,0.22
448,648,2023-10-04,False,0.65
403,3,2022-08-31,True,0.43
107,1348,2020-10-19,True,0.06
490,745,2022-03-08,False,0.45
81,525,2025-10-28,False,0.8
502,1389,2020-11-14,False,0.08
1126,496,2022-06-01,True,0.28
813,1153,2024-06-01,False,0.14
71,1381,2026-02-11,False,0.53
326,1061,2021-04-06,False,0.25
791,189,2024-12-25,True,0.19
376,1488,2023-09-06,True,0.51
74,178,2020-06-20,False,0.54
1166,877,2025-05-01,True,0.5
1006,850,2023-08-18,True,0.42
993,715,2026-03-21,True,0.16
435,581,2025-01-17,False,0.04
100,961,2025-03-14,False,0.46
281,1217,2020-12-29,False,0.09
1298,1302,2023-11-18,False,0.88
862,1323,2023-06-06,False,0.82
696,664,2023-08-17,True,0.89
571,934,2021-11-26,True,0.13
523,711,2025-12-16,False,0.34
1293,833,2020-12-10,False,0.48
628,397,2021-05-17,True,0.52
1464,309,2022-05-23,True,0.81
215,596,2023-08-06,False,0.98
93,1234,2021-05-26,False,0.42
332,951,2020-05-20,True,0.42
698,1256,2023-04-07,True,0.15
1420,1058,2021-07-25,False,0.7
452,311,2023-08-14,False,0.37
137,668,2024-10-31,True,0.71
542,1270,2020-10-26,True,0.9
1477,686,2025-07-10,True,0.07
476,350,2024-03-30,False,0.94
812,1145,2026-02-05,True,0.59
74,875,2024-06-27,True,0.31
13,293,2022-10-22,False,0.37
860,840,2024-07-23,True,0.47
25,1050,2024-06-12,True,0.54
843,450,2020-11-03,False,0.21
68,194,2026-02-10,True,0.88
1422,165,2020-11-20,False,0.15
1379,320,2023-09-16,False,0.06
326,736,2023-02-25,True,0.76
659,96,2023-04-19,False,0.03
1191,1095,2020-07-28,False,0.96
808,532,2025-09-04,False,0.5
1035,263,2023-07-22,True,0.4
386,887,2021-08-30,True,0.87
960,622,2022-02-26,False,0.39
1175,1163,2021-03-21,False,0.53
422,1395,2020-01-22,False,0.86
339,1432,2023-06-10,False,0.5
1163,43,2025-06-23,False,0.36
1246,217,2023-11-12,False,0.97
190,123,2024-06-24,True,0.11
1210,48,2024-12-18,False,0.31
555,614,2023-09-04,True,0.54
1108,624,2024-05-15,True,0.72
1370,575,2023-05-06,True,0.18
529,423,2023-05-22,True,0.94
878,958,2020-07-30,True,0.12
701,1066,2020-08-25,True,0.68
214,427,2026-02-11,True,0.18
519,103,2023-03-23,True,0.76
928,1102,2022-11-01,False,0.28
893,798,2024-09-29,True,0.46
1226,906,2025-08-17,False,0.56
512,671,2021-01-08,True,0.95
864,602,2022-10-15,True,0.43
858,1059,2023-10-02,True,0.41
1405,444,2020-09-16,True,0.42
754,1022,2021-01-11,False,0.57
550,728,2026-04-04,True,0.84
556,444,2025-11-27,False,0.11
702,360,2021-12-01,False,0.65
632,663,2025-12-30,True,0.43
1074,47,2022-01-20,True,0.9
443,43,2022-08-31,False,0.61
1196,301,2020-12-04,True,0.96
1428,534,2025-03-31,False,0.83
949,556,2025-07-17,False,0.8
790,954,2025-02-01,False,0.86
41,119,2022-02-28,True,0.16
663,461,2025-05-11,True,0.16
939,644,2024-07-22,False,0.55
128,622,2025-09-01,True,0.45
585,863,2025-04-01,True,0.71
520,1117,2022-02-20,False,0.28
661,909,2021-10-02,True,0.54
316,673,2025-03-29,True,0.4
255,769,2023-09-01,True,0.78
576,838,2021-11-25,False,0.81
413,911,2022-05-19,False,0.47
245,889,2020-07-18,False,0.6
1363,911,2023-10-10,True,0.83
1243,450,2021-11-19,True,0.64
950,1027,2020-01-22,True,0.55
1443,267,2025-02-08,False,0.78
584,1013,2022-05-02,False,0.11
243,1386,2023-07-20,False,0.07
760,1325,2020-03-29,True,0.53
814,1029,2022-11-17,False,0.18
838,646,2021-02-15,True,0.79
1406,329,2026-03-29,True,0.88
1106,647,2022-02-07,True,0.65
133,1231,2025-02-12,True,0.65
51,352,2021-09-08,False,0.49
258,228,2026-04-09,False,0.35
1033,574,2023-02-16,True,0.3
792,166,2023-09-13,False,0.8
1114,805,2024-02-06,True,0.96
699,1436,2026-01-17,True,0.86
908,590,2026-02-06,False,0.91
428,1307,2020-12-24,False,0.54
165,502,2023-05-09,True,0.47
202,295,2021-05-02,True,0.49
1096,365,2020-07-29,True,0.63
1390,1305,2024-05-22,True,0.67
1302,858,2025-12-05,False,0.01
1470,187,2020-11-16,True,0.29
257,134,2024-02-22,True,0.17
48,1022,2024-06-13,True,0.66
123,80,2022-07-29,True,0.86
424,1339,2021-08-29,True,0.72
937,1023,2023-05-06,False,0.94
1286,658,2025-07-22,False,0.3
991,543,2021-04-01,False,0.08
477,1411,2022-07-19,True,0.02
774,792,2022-05-31,False,0.71
1279,257,2023-10-17,True,0.33
1012,967,2021-04-22,False,0.09
65,823,2024-10-03,True,0.49
200,131,2025-09-23,False,0.73
753,1079,2024-03-19,True,0.0
463,331,2023-10-16,True,0.58
1129,1170,2021-03-25,False,0.05
545,880,2021-12-29,True,0.13
25,1276,2021-02-26,False,0.25
923,1108,2020-05-27,True,0.49
278,1374,2020-07-06,True,0.07
1429,128,2024-02-09,False,0.56
36,1121,2024-05-09,False,0.95
954,1333,2020-09-25,False,0.15
1236,286,2024-03-16,True,0.24
1172,1003,2025-12-24,True,0.05
463,1050,2021-09-18,False,0.18
1482,306,2020-05-05,True,0.7
1350,985,2020-08-22,False,0.59
355,368,2020-10-08,False,0.19
1341,815,2024-06-29,False,0.68
18,54,2021-08-06,True,0.13
1338,1173,2022-03-25,False,0.2
788,1167,2021-12-08,True,0.42
1139,1185,2025-07-08,True,0.36
838,296,2022-06-21,True,0.72
401,1140,2025-12-14,True,0.07
250,1444,2023-01-18,True,0.08
271,1128,2022-10-08,False,0.02
589,1421,2020-06-17,True,0.89
1312,1448,2024-12-03,False,0.45
646,1397,2021-12-04,True,0.46
1392,1198,2024-07-25,True,0.76
23,1016,2020-02-19,False,0.79
1217,673,2021-04-24,False,0.96
1123,296,2021-04-18,False,0.72
1292,1493,2022-12-31,True,0.77
1220,139,2025-08-06,False,0.76
72,1216,2020-11-30,False,0.81
843,850,2025-12-17,True,0.75
142,289,2022-04-26,False,0.23
1257,251,2025-09-26,True,0.56
1381,1472,2022-12-17,False,0.58
470,8,2020-12-06,False,0.26
557,920,2025-10-29,True,0.81
1053,1179,2024-10-14,True,0.97
1409,1126,2022-10-22,True,0.44
1321,82,2023-01-22,False,0.95
1158,27,2020-12-17,True,0.66
367,112,2025-04-19,False,0.72
94,127,2023-09-12,False,0.65
1287,227,2021-05-25,True,0.15
23,927,2022-10-15,False,0.22
575,1072,2023-03-28,False,0.45
1432,1065,2020-02-23,True,0.52
1105,1154,2023-02-13,False,0.8
992,200,2024-10-31,False,0.54
252,432,2023-01-11,False,0.24
1011,14,2024-07-10,False,0.03
854,971,2023-05-16,False,0.5
331,808,2020-11-03,False,0.9
499,805,2023-08-02,True,0.22
1078,841,2020-07-24,False,0.55
1347,1089,2023-09-25,False,0.85
839,1029,2022-06-07,False,0.52
567,338,2021-08-25,False,0.46
818,140,2020-02-04,False,0.11
911,813,2022-08-01,False,0.63
729,1241,2022-07-04,False,0.83
1118,1006,2026-03-13,False,0.35
1006,110,2023-07-02,False,0.34
750,713,2022-10-02,False,0.46
1004,450,2023-09-30,True,0.61
1070,646,2024-03-13,False,0.48
471,211,2026-01-24,True,0.8
1098,601,2026-04-23,True,0.74
540,1239,2021-03-13,False,0.79
599,713,2023-08-07,False,0.62
974,239,2026-01-14,True,0.83
212,865,2024-07-21,False,0.28
1065,831,2025-03-05,True,0.7
433,238,2023-06-22,False,0.41
975,650,2021-02-04,False,0.39
1423,1248,2024-05-03,False,0.29
37,350,2022-07-04,True,0.54
1180,910,2025-03-03,True,0.67
5,1013,2022-12-05,False,0.77
964,660,2026-01-23,True,0.61
32,9,2022-07-22,False,0.86
124,191,2023-10-15,True,0.57
359,870,2025-05-09,True,0.37
1204,1411,2024-12-21,True,0.48
436,1424,2021-07-03,True,0.63
22,185,2024-07-26,True,0.53
100,386,2026-04-29,False,0.16
178,1111,2023-09-28,True,0.04
1322,1380,2020-11-12,True,0.41
145,63,2025-11-24,True,0.03
1308,512,2022-09-30,False,0.2
200,713,2024-06-18,False,0.12
128,228,2022-04-03,False,0.9
98,647,2022-12-06,True,0.34
540,332,2026-02-13,True,0.46
828,17,2023-12-07,True,0.49
923,594,2020-11-22,True,0.75
1115,1189,2023-10-20,True,0.68
1230,1014,2023-09-19,False,0.38
331,597,2020-05-27,False,0.15
389,37,2023-06-14,False,0.46
713,1270,2024-10-25,False,0.18
1280,689,2023-10-17,True,0.1
57,1438,2020-12-02,True,0.64
19,131,2026-03-04,False,0.01
90,184,2022-06-11,True,0.47
1495,486,2020-10-02,True,0.92
784,573,2021-06-13,False,0.3
826,1195,2021-10-04,True,0.08
1174,637,2023-06-24,False,0.16
1344,341,2022-09-02,False,0.38
933,942,2025-02-09,True,0.97
1157,166,2021-12-17,True,0.77
315,637,2024-09-03,True,0.63
81,69,2023-04-06,True,0.2
924,487,2022-04-21,False,0.17
475,1029,2021-03-25,True,0.92
502,585,2024-07-25,False,0.28
738,227,2021-12-02,False,0.1
1103,804,2021-11-23,True,0.42
529,1083,2022-11-10,True,0.16
381,1275,2021-08-28,False,0.69
1369,308,2020-07-08,False,0.04
713,749,2020-04-26,True,0.12
288,466,2024-09-25,True,0.54
161,947,2025-10-12,False,0.56
321,962,2021-02-17,True,0.46
1396,860,2025-08-18,True,0.31
1132,447,2023-07-24,True,0.83
1311,1497,2026-02-12,True,0.26
1427,970,2023-07-22,False,0.47
1421,60,2023-01-08,True,0.81
1465,1421,2021-08-23,True,0.82
427,1093,2021-12-27,True,0.51
67,506,2021-03-05,False,0.21
711,1319,2022-07-12,False,0.6
423,718,2023-09-29,True,0.93
756,79,2023-07-23,True,0.01
784,273,2023-04-17,True,0.27
981,1138,2023-03-06,False,0.75
1304,493,2024-05-30,True,0.17
860,529,2026-02-03,False,0.55
571,1312,2026-04-24,True,0.58
836,230,2024-08-11,True,0.57
313,26,2024-04-20,False,0.28
701,70,2020-07-25,False,0.46
345,1336,2025-05-17,True,0.72
1176,71,2020-09-07,False,0.08
1240,964,2026-03-24,True,0.73
920,816,2021-12-19,False,0.5
1214,1331,2022-03-23,True,0.82
464,1456,2020-06-28,True,0.84
1447,1375,2024-07-27,True,0.69
1223,953,2025-01-17,True,0.53
1402,1431,2020-12-03,True,0.33
418,123,2025-10-15,True,0.77
1312,1032,2025-01-27,True,0.89
502,1433,2024-11-26,False,0.27
1080,721,2021-10-23,True,0.6
1117,153,2023-10-12,True,0.63
679,527,2023-01-28,False,0.66
332,370,2023-03-11,False,0.48
1214,729,2024-10-09,True,0.37
97,1480,2024-07-31,False,0.63
57,732,2021-05-17,True,0.22
1041,1430,2021-05-17,False,0.2
966,971,2021-05-11,False,0.15
1297,658,2022-11-23,False,0.15
672,405,2025-11-26,True,0.43
800,1127,2026-01-05,True,0.13
89,1419,2021-09-19,False,0.4
274,269,2020-06-10,False,0.57
744,270,2020-04-29,False,0.06
263,1246,2022-08-25,True,0.71
238,629,2022-09-24,False,0.94
1485,894,2024-07-16,True,0.02
1482,888,2024-04-29,False,0.35
886,199,2025-11-03,False,0.53
376,715,2025-10-28,True,0.47
297,351,2022-02-13,True,0.2
426,819,2023-04-01,True,0.21
1274,334,2021-09-11,False,0.73
278,105,2020-05-09,True,0.12
151,1225,2022-10-28,True,0.84
511,246,2021-07-02,False,0.44
904,470,2020-11-22,True,0.08
1,297,2021-11-15,False,0.62
714,949,2022-07-18,False,0.28
516,1499,2021-08-17,True,0.98
265,1102,2025-02-03,False,0.46
632,124,2020-10-14,True,0.96
1174,1301,2023-03-09,True,0.54
537,1222,2024-04-07,True,0.65
256,910,2021-01-09,False,0.51
899,982,2021-08-10,True,0.25
260,648,2020-05-12,True,0.07
110,343,2023-01-11,False,0.7
73,577,2022-07-01,False,0.93
1138,625,2020-11-15,True,0.64
1280,556,2021-11-18,False,0.62
77,1361,2021-06-26,False,0.28
1013,489,2023-03-06,False,0.57
1169,1045,2022-04-03,False,0.48
221,674,2020-02-11,True,0.82
665,204,2021-12-23,True,0.78
182,763,2025-02-15,False,0.1
776,1250,2022-08-16,True,0.87
170,672,2023-03-21,False,0.78
456,1277,2026-01-25,True,0.96
697,511,2022-08-21,False,0.86
847,117,2023-10-09,True,0.71
187,529,2022-03-09,True,0.14
328,1233,2022-01-08,True,0.84
37,1292,2022-08-10,False,0.26
1188,597,2023-11-16,False,0.64
36,235,2025-06-24,False,0.72
1248,544,2024-03-07,False,0.95
1379,1049,2025-02-06,False,0.97
1327,677,2021-06-02,True,0.08
1497,1300,2021-05-22,False,0.82
585,1227,2024-04-16,True,0.82
44,657,2023-11-04,False,0.13
828,801,2020-12-12,False,0.12
197,675,2023-06-19,True,0.01
1482,582,2025-08-16,False,0.28
1380,1454,2021-04-25,True,0.03
758,872,2020-05-12,False,0.36
140,623,2020-02-16,False,0.53
303,1264,2020-03-08,False,0.3
846,1147,2024-12-16,False,0.97
1237,491,2026-01-15,False,0.41
1326,1436,2021-01-09,False,0.47
1264,684,2026-02-27,False,0.98
1025,1394,2022-04-10,False,0.97
460,1112,2023-04-06,False,0.47
1147,932,2022-06-14,False,0.24
1045,265,2023-10-07,True,0.7
1284,5,2023-01-08,True,0.81
1477,20,2021-11-04,True,0.7
1019,1468,2024-07-26,False,0.73
1282,1147,2020-05-04,False,0.79
665,458,2023-04-20,True,0.37
25,1487,2023-10-07,True,0.24
100,783,2021-11-07,False,0.26
1114,1363,2024-02-05,True,0.63
1367,951,2020-12-23,False,0.42
641,39,2023-10-17,True,0.08
481,1355,2020-11-20,True,0.17
1072,1109,2025-11-27,True,0.83
712,1188,2021-02-20,True,0.61
1015,227,2025-06-08,False,0.61
660,896,2023-03-27,True,0.4
44,502,2020-09-26,False,0.07
284,1140,2023-06-30,True,0.05
1249,445,2023-10-02,False,0.75
975,225,2021-08-06,False,0.61
357,1481,2024-07-01,True,0.46
318,955,2025-09-17,False,0.68
1182,1376,2024-12-16,True,0.52
100,329,2023-04-24,True,0.74
957,1306,2024-09-06,False,0.64
1445,1389,2022-12-12,False,0.2
1365,1131,2024-09-20,True,0.79
1478,1050,2023-06-07,False,0.03
1370,153,2023-04-18,True,0.06
165,1282,2023-12-26,False,0.13
805,975,2025-04-18,False,0.19
891,1132,2026-01-13,False,0.17
990,476,2022-11-22,False,0.28
512,451,2020-06-28,True,0.89
1268,696,2023-07-13,True,0.8
578,1460,2021-05-20,True,0.46
1065,726,2023-04-04,True,0.92
902,1478,2022-05-07,True,0.2
836,1292,2023-10-30,False,0.66
851,828,2023-10-01,True,0.24
1421,1440,2022-08-03,True,0.5
192,1266,2025-07-23,True,0.09
235,963,2023-06-16,False,0.12
263,664,2024-12-05,False,0.69
1019,15,2020-04-14,False,0.94
1022,519,2026-03-29,False,0.28
181,1049,2020-08-02,False,0.79
405,441,2020-03-20,True,0.77
1251,607,2024-07-02,False,0.46
1287,584,2021-02-27,False,0.32
1484,34,2022-08-05,False,0.97
1196,973,2024-08-12,True,0.97
969,1182,2024-08-02,True,0.74
43,553,2022-12-20,False,0.19
945,500,2025-10-17,False,0.94
1259,1456,2021-08-30,False,0.17
1350,723,2021-07-29,False,0.22
214,1408,2023-06-28,False,0.33
372,669,2023-05-18,False,0.82
1266,462,2026-04-21,False,0.33
879,813,2022-08-22,False,0.15
1361,709,2023-05-13,True,0.26
272,333,2024-12-02,True,0.1
418,1138,2023-12-09,True,0.86
476,1409,2024-04-19,False,0.62
161,36,2022-06-21,False,0.28
1219,306,2020-04-18,False,0.36
1339,735,2021-04-22,False,0.61
1021,233,2020-08-29,False,0.17
567,617,2023-02-26,True,0.74
1013,300,2022-09-15,False,0.89
221,117,2024-03-11,True,0.38
1111,102,2022-06-09,False,1.0
341,767,2025-09-29,False,0.67
1106,1100,2022-08-23,True,0.29
64,203,2020-09-19,False,0.68
281,859,2020-09-22,False,0.71
1411,452,2021-09-28,False,0.64
1179,1338,2020-05-18,True,0.17
395,553,2025-01-30,False,0.32
824,610,2021-06-17,False,0.89
954,1357,2026-04-21,False,0.49
965,483,2020-10-10,False,0.94
645,1074,2020-08-01,False,0.67
1211,108,2024-09-24,False,0.07
762,426,2024-03-22,False,0.12
1124,89,2024-03-09,True,0.98
676,668,2023-03-19,False,0.42
554,321,2020-10-09,False,0.58
1341,238,2023-02-13,False,0.71
289,257,2020-08-20,True,0.26
284,723,2021-06-13,False,0.9
336,38,2020-09-21,False,0.74
206,898,2021-10-09,True,0.52
540,676,2024-08-02,False,0.5
854,592,2022-02-26,False,0.98
646,419,2022-12-06,False,0.96
653,1001,2023-08-24,True,0.09
887,251,2025-03-10,True,0.55
1012,997,2025-10-30,True,0.3
1373,703,2022-07-30,False,0.34
288,194,2026-04-13,False,0.86
970,428,2024-09-06,False,0.64
276,209,2023-06-30,False,0.6
1172,468,2026-01-21,True,1.0
1424,909,2026-01-28,True,0.87
835,1213,2020-03-07,False,0.45
979,666,2025-11-13,False,0.18
458,670,2025-01-23,False,0.75
1177,82,2022-05-10,False,0.79
218,777,2025-11-06,True,0.52
5,1215,2022-04-11,True,0.56
1138,297,2025-05-26,True,0.27
1108,799,2022-04-25,False,0.11
1254,1199,2025-03-25,False,0.82
454,1110,2020-01-27,True,0.09
225,1062,2024-03-02,False,0.7
1263,1349,2024-12-29,False,0.72
742,592,2022-06-21,False,0.25
38,1450,2020-09-10,False,0.24
1434,99,2024-03-22,False,0.87
1268,1058,2021-11-08,False,0.56
916,39,2021-06-03,True,0.86
251,1404,2021-02-24,True,0.46
1312,1435,2024-09-05,False,0.57
475,619,2025-04-27,False,0.89
1029,1262,2026-03-11,True,0.64
131,770,2021-08-13,False,0.7
448,1089,2025-02-23,True,0.68
756,5,2022-08-28,False,0.95
902,138,2022-12-19,False,0.0
968,151,2020-11-26,True,0.57
34,315,2021-02-10,False,0.44
738,256,2021-03-12,True,0.68
250,1056,2022-02-05,False,0.43
621,123,2023-07-05,False,0.38
873,324,2020-10-16,False,0.74
1301,1317,2025-02-13,False,0.93
446,159,2025-09-22,True,0.49
300,1454,2020-09-03,False,0.31
406,657,2024-10-25,True,0.82
967,287,2021-06-16,True,0.18
434,377,2021-05-01,True,0.2
588,321,2023-09-07,False,0.2
1309,653,2020-09-05,True,0.11
716,408,2022-04-02,False,0.7
421,709,2025-01-25,False,0.43
990,1414,2025-03-30,True,0.73
382,1309,2024-10-17,False,0.29
843,490,2024-03-26,True,0.74
873,1473,2023-07-28,False,0.15
1471,931,2023-08-18,True,0.63
998,748,2022-06-12,False,0.02
1062,386,2020-08-16,False,0.09
75,1121,2025-10-04,True,0.64
400,706,2023-03-23,False,0.85
489,740,2020-10-02,True,0.63
1121,1063,2022-06-21,False,0.86
181,196,2023-09-12,True,0.88
1026,955,2024-01-02,True,0.59
1076,296,2025-01-21,False,0.99
114,635,2026-01-18,True,0.24
428,715,2023-06-13,False,0.0
852,719,2023-02-14,False,0.93
924,266,2023-05-22,True,0.12
853,506,2020-12-26,False,0.68
862,856,2020-07-13,False,0.16
185,140,2025-08-17,True,0.09
183,728,2022-12-07,False,0.71
339,418,2025-12-16,True,0.71
6,1097,2024-07-30,False,0.28
1148,1145,2020-02-09,False,0.59
540,1495,2023-11-24,True,0.83
876,392,2023-11-20,False,0.05
1026,901,2025-01-08,False,0.35
601,743,2020-11-07,False,0.59
430,209,2025-06-28,True,0.92
467,1283,2022-11-29,False,0.52
389,442,2023-10-15,True,0.78
126,230,2024-01-07,True,0.16
1376,237,2023-06-13,False,0.75
833,88,2021-08-26,True,0.81
1455,391,2022-03-26,False,0.19
18,377,2023-04-02,True,0.48
653,1147,2024-08-11,True,0.31
1473,566,2024-03-24,True,0.98
104,291,2021-11-26,True,0.01
1188,1156,2024-03-10,True,0.76
597,284,2020-05-23,False,0.35
378,211,2024-12-29,False,0.42
996,1162,2020-05-18,False,0.01
446,423,2024-11-13,True,0.97
1259,519,2025-03-03,True,0.43
34,170,2025-07-20,True,0.93
1113,1225,2023-04-14,False,0.58
1336,222,2025-04-02,True,0.43
1343,66,2023-10-20,True,0.74
540,116,2025-03-30,True,0.44
1125,612,2023-07-07,True,0.44
171,1034,2020-09-05,False,0.61
267,1386,2024-11-25,False,0.89
647,817,2020-04-25,False,0.74
206,587,2021-06-01,True,0.64
270,545,2021-07-06,False,0.89
1083,164,2023-05-06,False,0.73
853,356,2020-08-03,True,0.2
1342,850,2021-11-16,False,0.86
1145,299,2024-02-23,True,0.41
949,399,2021-01-27,False,0.45
255,830,2024-06-30,True,0.31
604,728,2021-05-31,False,0.02
129,802,2021-01-21,True,0.7
1139,410,2025-05-04,False,0.37
58,393,2022-02-18,False,0.67
776,1442,2020-03-26,True,0.36
186,715,2025-11-22,False,0.29
19,1113,2021-07-17,True,0.6
372,831,2023-05-31,False,0.6
1435,1491,2020-08-19,False,0.73
78,39,2025-04-08,True,0.49
725,626,2025-10-14,False,0.71
955,560,2021-09-25,True,0.02
1251,422,2021-04-08,False,0.24
1472,529,2022-12-11,True,0.36
188,230,2022-03-14,True,0.01
328,1053,2021-06-10,True,0.92
1111,437,2026-04-17,False,0.48
234,1110,2023-03-09,True,0.75
1070,1209,2020-10-15,True,0.19
832,1441,2024-04-16,False,0.28
1211,497,2021-03-16,False,0.97
1233,936,2024-01-05,False,0.94
908,61,2025-10-10,True,0.46
1283,1124,2021-10-04,True,0.44
895,633,2020-05-23,True,0.41
749,352,2022-10-21,False,0.52
1169,1367,2024-01-19,False,0.45
821,1419,2020-04-19,False,0.44
581,660,2024-06-06,False,0.59
1009,941,2024-12-13,True,0.66
896,632,2026-01-18,False,0.7
919,818,2021-04-11,False,0.34
1205,1341,2023-07-29,True,0.22
1256,790,2023-01-02,False,0.53
244,10,2022-10-31,False,0.82
267,265,2024-05-15,True,0.11
147,364,2024-01-30,True,0.61
1285,694,2024-01-29,True,0.35
1311,830,2024-05-28,False,0.8
778,740,2025-01-17,True,0.35
890,1065,2022-10-10,True,0.55
198,612,2023-08-06,False,0.74
603,1351,2021-11-17,True,0.87
817,739,2023-05-19,True,0.06
1298,268,2023-05-23,True,0.1
1428,370,2025-03-17,True,0.07
893,17,2022-11-29,True,0.86
298,96,2025-05-11,False,0.5
1213,1361,2021-03-30,True,0.49
1497,1017,2020-02-22,False,0.11
381,847,2021-02-23,False,0.4
1263,395,2021-08-13,True,0.8
1293,802,2026-01-08,True,0.69
646,1249,2021-07-26,True,0.83
144,1475,2022-10-17,False,0.09
19,844,2022-09-09,False,0.04
1091,365,2021-08-29,False,0.99
1197,817,2020-08-16,False,0.4
53,957,2023-01-29,False,0.13
1345,476,2022-09-17,True,0.03
255,60,2022-10-03,False,0.43
1068,1332,2025-10-01,False,0.84
606,381,2025-07-02,False,0.51
396,1328,2020-04-16,True,0.3
133,155,2024-02-05,False,0.61
701,81,2026-03-29,True,0.04
1293,96,2025-02-04,True,0.8
1309,561,2023-06-09,False,0.74
1043,1320,2020-12-24,True,0.42
365,725,2025-06-11,True,0.17
208,413,2022-03-25,True,0.45
667,783,2024-03-27,True,0.12
203,978,2026-03-22,False,0.13
685,1053,2020-02-13,True,0.81
300,817,2022-03-05,False,0.92
968,1082,2020-03-17,False,0.8
844,1002,2024-06-12,False,0.61
905,1420,2026-04-27,False,0.72
257,111,2021-03-12,True,0.26
861,184,2023-09-23,True,0.55
590,1415,2022-05-29,True,0.29
1394,473,2024-04-10,True,0.56
1009,1306,2024-08-14,True,0.05
1195,499,2020-09-17,False,0.28
498,1108,2022-08-21,True,0.61
1113,1137,2025-03-13,False,0.24
511,1454,2025-07-03,False,0.87
454,732,2024-10-29,True,0.67
696,1429,2021-12-29,True,0.01
629,1106,2020-12-16,False,0.3
1418,721,2021-01-24,False,0.13
948,942,2024-09-16,False,0.65
915,665,2020-06-01,False,0.03
1315,835,2023-06-16,False,0.92
1148,735,2022-11-24,False,0.93
662,945,2025-05-21,True,0.07
829,638,2021-10-20,False,0.93
499,1275,2025-05-09,False,0.23
105,612,2020-05-27,False,0.09
1500,1335,2025-08-29,True,0.87
921,984,2022-08-17,True,0.91
169,730,2021-04-28,False,0.04
1158,430,2023-07-12,True,0.95
502,960,2024-09-28,False,0.2
1368,603,2023-05-10,True,0.92
1090,87,2024-06-23,False,0.52
19,1466,2021-04-15,True,0.02
600,1450,2025-07-19,True,0.13
1261,1198,2021-12-28,False,0.38
1213,278,2025-09-12,False,0.33
1238,715,2025-04-13,True,0.24
1310,1453,2022-08-06,True,0.33
454,1212,2022-09-04,True,0.57
664,1289,2025-11-09,True,0.76
1415,1357,2023-11-01,True,0.35
441,773,2025-04-11,False,0.98
459,260,2023-09-27,False,0.34
1035,737,2022-01-18,False,0.81
623,678,2023-02-05,False,0.27
804,1268,2025-06-01,True,0.33
351,888,2021-05-23,True,0.2
888,1259,2022-05-24,True,0.69
1218,1275,2022-04-28,True,0.37
1050,178,2025-10-17,True,0.26
601,1219,2024-11-26,True,0.02
820,3,2020-08-11,False,0.93
1051,757,2025-07-21,True,0.69
328,1147,2024-07-17,True,0.9
157,160,2024-03-23,False,0.43
504,69,2021-05-08,True,0.25
790,396,2021-12-28,True,0.37
1133,850,2020-04-09,False,0.84
101,1014,2026-03-13,True,0.84
48,1009,2025-08-15,True,0.57
263,1382,2025-11-20,True,0.8
1339,521,2021-04-19,False,0.79
448,472,2026-03-07,True,0.42
872,1122,2024-08-19,False,0.75
1162,501,2021-06-25,True,0.8
233,344,2021-11-19,False,0.07
110,173,2025-02-08,False,0.65
1038,1045,2024-01-10,False,0.63
460,710,2022-06-09,True,0.14
93,1191,2021-11-18,True,0.45
889,943,2025-07-01,True,0.53
214,49,2026-01-25,False,0.2
830,1208,2021-06-01,True,0.95
1329,314,2025-11-30,True,0.8
410,199,2021-08-11,False,0.51
895,178,2023-11-17,True,0.17
251,546,2023-06-22,False,0.54
921,952,2023-09-16,False,0.75
1458,928,2021-06-14,True,0.69
287,1348,2022-04-16,False,0.28
962,1240,2024-01-19,True,0.84
1428,1026,2023-07-01,True,0.67
1353,221,2024-10-26,False,0.47
836,1124,2021-03-30,True,0.71
113,898,2023-05-23,True,0.67
1163,211,2021-05-07,False,0.57
1188,199,2023-06-23,True,0.6
560,852,2026-02-03,False,0.18
754,706,2022-09-03,False,0.84
1271,541,2020-02-26,True,0.5
1049,868,2025-10-06,True,0.69
157,252,2025-02-24,True,0.45
179,311,2025-01-15,False,0.06
397,64,2025-12-13,False,0.11
575,1204,2023-01-07,True,0.37
658,272,2021-04-28,True,0.29
1342,900,2020-08-06,False,0.66
452,569,2024-11-26,True,0.25
494,410,2021-09-29,True,0.05
1376,99,2020-11-10,True,0.77
1390,466,2021-08-13,False,0.68
990,1403,2024-05-19,True,0.84
1076,939,2021-02-17,False,0.75
244,1296,2023-12-17,False,0.44
838,1325,2020-06-09,True,0.45
653,371,2020-09-25,True,0.94
1171,663,2022-06-14,False,0.05
838,376,2021-08-25,False,0.96
1387,433,2024-01-26,False,0.77
397,172,2026-04-09,True,0.08
1073,626,2020-09-05,True,0.7
780,543,2025-10-20,False,0.99
206,108,2024-04-01,True,0.3
1286,61,2022-09-26,True,0.69
1149,1350,2023-04-16,True,0.56
1336,43,2022-03-28,False,0.72
1166,289,2021-09-12,True,0.34
1374,332,2020-08-15,True,0.5
711,700,2026-04-14,True,0.78
1460,1020,2020-03-26,True,0.36
155,1362,2021-10-12,True,0.24
269,1458,2020-02-26,False,0.13
893,734,2020-07-04,False,0.09
1415,892,2025-01-17,True,0.96
1364,332,2022-04-25,True,0.1
341,377,2025-03-23,False,0.63
639,1292,2026-03-01,True,0.59
669,590,2024-10-07,False,0.98
1417,991,2021-09-09,False,0.35
1244,832,2022-10-01,False,0.72
1202,844,2022-02-05,True,0.44
1474,799,2022-09-16,True,0.01
9,1495,2024-11-14,True,0.71
490,239,2026-02-14,True,0.64
928,688,2023-09-12,True,0.73
1154,125,2021-01-31,True,0.41
530,583,2026-04-21,False,0.39
141,233,2021-08-10,True,0.04
164,200,2025-11-11,False,0.55
936,489,2023-02-12,False,0.66
727,1163,2020-02-05,True,0.16
658,1071,2020-11-06,True,0.58
1091,997,2024-05-10,True,0.77
306,613,2024-07-12,True,0.53
1026,1006,2022-10-21,False,0.05
615,64,2021-03-15,False,0.2
860,329,2023-05-01,True,0.23
463,556,2020-01-08,True,0.42
136,1121,2022-12-22,False,0.09
315,560,2022-09-20,False,0.73
898,890,2020-11-17,True,0.66
1315,238,2023-11-15,False,0.86
698,860,2020-11-15,False,0.54
1200,769,2024-12-15,True,0.49
124,153,2023-03-04,False,0.3
83,652,2022-08-19,True,0.41
23,1069,2022-01-31,True,0.18
472,64,2025-06-19,False,0.74
480,939,2025-11-18,False,0.35
941,552,2021-11-14,True,0.16
706,1112,2025-06-19,True,0.74
301,1257,2022-11-28,False,0.83
779,411,2021-07-11,False,0.82
1024,190,2021-06-15,False,0.71
376,1203,2023-11-21,False,0.9
1114,667,2024-10-09,True,0.54
254,496,2022-03-06,True,0.22
204,1268,2025-08-14,False,0.07
1328,94,2026-01-13,False,0.1
601,197,2022-03-17,False,0.66
1489,539,2021-05-27,False,0.18
544,46,2025-01-08,True,0.93
930,434,2022-06-05,False,0.86
362,666,2023-10-01,True,0.71
204,1186,2021-10-29,True,0.23
752,1101,2026-04-06,True,0.33
182,1295,2023-02-10,False,0.21
354,1117,2020-10-03,False,0.2
1241,377,2020-01-25,False,0.89
422,442,2020-02-26,True,0.59
1374,1235,2021-08-21,True,0.16
1342,194,2026-03-12,False,0.14
429,1363,2022-12-06,True,0.55
457,710,2023-05-03,True,0.93
765,1321,2025-03-04,True,0.52
714,342,2020-05-25,False,0.79
1161,1327,2024-06-13,False,0.33
874,1070,2023-10-20,False,0.47
618,987,2023-02-21,False,0.24
148,1180,2021-01-02,True,0.56
364,762,2023-08-31,False,0.6
926,874,2021-01-29,True,0.15
1061,677,2020-03-15,False,0.2
1497,644,2024-01-10,False,0.53
183,1289,2020-04-21,True,0.32
1227,1489,2022-06-01,True,0.76
1345,667,2024-06-27,True,0.26
323,1055,2021-03-17,True,0.89
199,1407,2024-12-27,False,0.92
1224,722,2025-07-06,False,0.44
1379,733,2021-08-07,True,0.89
1060,118,2023-02-18,True,0.95
282,732,2026-02-02,False,0.68
26,613,2025-09-16,False,0.21
664,305,2020-02-12,False,0.35
1499,239,2020-02-18,True,0.04
1142,1224,2025-02-05,False,0.35
814,64,2021-05-30,False,0.98
858,1059,2024-09-29,False,0.51
318,235,2025-05-19,True,0.22
457,692,2023-01-22,False,0.46
90,1138,2021-07-20,True,0.95
897,124,2024-03-23,True,0.5
32,1248,2023-01-01,True,0.64
773,993,2021-09-05,True,0.03
797,276,2020-05-03,False,0.87
976,1356,2022-01-30,False,0.57
1188,216,2025-04-19,True,0.48
517,1002,2020-07-16,True,0.12
1217,829,2024-08-21,True,0.01
611,963,2023-04-12,False,0.43
168,265,2024-09-06,False,0.98
745,223,2021-08-11,True,0.49
1326,221,2020-04-16,True,0.93
895,1113,2021-03-17,False,0.55
934,778,2022-12-14,False,0.01
374,97,2025-10-26,True,0.82
36,735,2025-12-19,True,0.13
1257,19,2020-04-26,False,0.32
1121,362,2022-08-02,False,0.68
24,560,2025-11-02,True,0.34
1190,426,2024-10-26,False,0.22
208,134,2021-01-02,True,0.28
1410,622,2023-03-23,True,0.89
220,1152,2022-11-20,True,0.66
1008,416,2020-03-21,True,0.78
627,578,2020-12-22,False,0.84
112,313,2025-06-24,False,0.49
471,334,2023-08-04,False,0.06
1104,575,2021-10-23,False,0.51
1170,570,2020-08-12,True,0.28
47,795,2021-04-08,False,0.83
180,511,2025-12-06,True,0.27
786,808,2022-01-21,False,0.67
1016,1199,2024-08-22,True,0.74
447,63,2024-03-15,False,0.52
781,182,2023-12-25,True,0.36
879,482,2024-07-22,True,0.8
148,101,2026-04-11,True,0.97
406,1426,2023-03-21,False,0.66
473,935,2025-04-11,False,0.13
194,1364,2023-08-17,True,1.0
534,583,2026-03-28,False,0.21
577,1053,2023-10-13,True,0.18
747,1107,2022-10-17,False,0.29
199,735,2021-08-20,False,0.21
1101,744,2022-02-17,False,0.14
1207,1071,2025-06-27,True,0.06
1488,1115,2023-11-15,False,0.32
1381,551,2020-04-27,False,0.27
309,476,2022-04-23,True,0.74
15,217,2020-06-03,True,0.32
347,646,2025-09-26,False,0.35
382,1308,2020-02-14,True,0.84
106,43,2022-09-07,False,0.14
340,1229,2020-11-27,True,0.4
1077,1324,2024-03-17,True,0.53
95,1141,2023-08-30,False,0.94
479,810,2024-10-16,False,0.7
664,890,2021-01-16,True,0.22
1175,227,2023-01-30,False,0.06
1323,195,2021-06-15,True,0.65
403,676,2020-04-16,False,0.69
261,392,2020-05-22,False,0.77
1277,587,2020-12-18,False,0.36
834,382,2024-06-18,False,0.9
826,625,2025-05-07,False,0.84
989,111,2022-08-31,False,0.66
1292,471,2021-04-16,True,0.1
1420,1328,2021-07-26,True,0.86
528,681,2020-04-05,False,0.13
1146,1193,2022-09-15,False,0.09
1051,1334,2022-05-12,True,0.58
1036,1369,2022-07-28,True,0.17
559,1369,2020-08-29,False,0.72
1005,1367,2020-06-28,False,0.08
511,338,2020-06-08,False,0.86
596,1376,2023-06-08,False,0.74
236,157,2023-08-20,False,0.74
700,654,2024-08-06,False,0.47
427,1495,2023-09-22,False,0.19
1254,437,2025-12-27,False,0.66
427,1200,2020-07-07,False,0.84
1451,377,2025-02-04,False,0.79
422,942,2022-03-13,True,0.38
1376,355,2025-09-07,False,0.05
552,1317,2022-10-17,False,0.84
901,187,2025-02-22,False,0.72
40,706,2023-01-02,False,0.56
883,1374,2020-02-01,True,0.68
503,71,2023-07-13,False,0.37
1370,1065,2023-04-30,False,0.7
906,378,2023-08-01,False,0.71
1113,361,2020-05-13,True,0.29
1142,19,2025-12-19,False,0.77
1267,1156,2021-02-07,True,0.67
82,601,2023-04-29,True,0.37
597,39,2022-01-07,True,0.56
1332,172,2021-06-21,True,0.11
924,354,2026-03-28,False,0.99
426,203,2020-09-09,False,0.26
654,329,2025-05-30,True,0.85
536,1012,2020-05-06,False,0.75
815,258,2021-03-19,True,0.15
439,346,2020-04-03,True,0.24
748,832,2023-08-29,False,0.74
774,121,2022-11-03,True,0.93
1404,731,2024-12-17,True,0.7
158,591,2026-01-17,False,0.38
171,1391,2022-03-17,True,0.49
879,1063,2025-06-14,True,0.39
789,362,2023-03-15,False,0.14
132,183,2024-12-24,True,0.76
5,814,2023-02-16,True,0.27
738,1481,2025-01-13,True,0.91
778,940,2025-12-05,True,0.19
158,1170,2021-07-23,True,0.46
1037,211,2022-06-05,False,0.23
1055,1121,2024-12-01,True,0.22
505,1386,2023-11-17,True,0.65
1487,303,2020-06-17,True,0.11
455,775,2023-03-15,True,0.68
486,125,2022-03-08,True,0.32
960,646,2023-05-17,True,0.39
902,195,2020-03-04,True,0.72
830,1451,2025-01-06,False,0.16
129,1112,2025-12-27,True,0.63
1208,721,2025-10-26,True,0.34
892,15,2022-04-08,False,0.23
396,53,2021-03-21,True,0.55
637,995,2021-07-24,False,0.83
1009,1255,2021-06-16,False,0.01
1176,302,2025-11-14,False,0.35
661,601,2022-12-10,True,0.85
1160,184,2024-02-06,True,0.91
1098,336,2021-01-29,False,0.17
622,1239,2025-11-06,False,0.03
63,1295,2023-03-24,True,0.35
85,881,2025-07-29,False,0.09
584,385,2024-02-12,True,0.05
190,577,2021-03-05,False,0.21
524,609,2022-10-02,False,0.89
279,553,2026-01-24,False,0.62
522,1082,2021-10-06,False,0.4
591,1252,2024-07-05,True,0.04
996,452,2024-08-08,False,0.69
232,1057,2020-04-25,False,0.98
979,740,2025-03-28,False,0.27
1178,694,2023-08-18,True,0.3
1139,1459,2026-04-18,False,0.35
60,425,2020-06-18,True,0.96
520,680,2025-06-15,True,0.19
411,940,2022-11-04,False,0.16
227,1303,2025-01-04,False,0.21
936,585,2021-03-13,True,0.13
683,1185,2024-01-04,False,0.83
1388,1244,2021-05-12,False,0.14
89,247,2025-08-14,True,0.46
616,451,2025-05-18,True,0.54
367,867,2021-12-04,False,0.5
1350,920,2022-03-26,True,0.53
343,503,2021-08-26,True,0.02
903,1244,2023-09-18,True,0.63
1470,309,2022-04-15,True,0.72
754,799,2025-10-25,True,0.37
363,270,2022-07-30,True,0.2
658,768,2026-03-02,True,0.72
1299,369,2022-10-03,False,0.95
49,1217,2022-05-28,False,0.86
1210,1385,2023-03-28,True,0.83
177,239,2020-11-16,False,0.48
1012,1497,2024-08-13,True,0.32
766,1227,2023-03-17,False,0.83
689,1137,2024-09-26,False,0.57
1458,1185,2022-02-08,False,0.08
181,1079,2020-03-18,True,0.37
8,841,2021-09-12,True,0.01
593,408,2024-05-13,True,0.42
83,1464,2020-04-11,True,0.8
492,109,2021-07-03,False,0.93
663,258,2026-02-25,True,0.15
794,1483,2024-02-16,True,0.4
1431,874,2022-10-14,True,0.71
416,165,2022-05-03,False,0.09
1243,446,2023-04-12,True,0.06
1081,146,2025-05-08,False,0.15
365,1239,2021-07-10,True,0.17
987,1219,2024-01-14,True,0.3
1016,1110,2021-04-09,False,0.84
995,1005,2021-10-15,True,0.54
305,860,2022-08-07,False,0.53
177,1308,2026-01-29,False,0.36
835,89,2023-02-10,False,0.53
497,1065,2024-12-12,False,0.78
344,694,2023-07-25,True,0.68
1004,506,2023-01-28,True,0.29
630,1010,2024-05-23,True,0.24
359,1424,2020-02-03,False,0.31
10,797,2021-01-17,False,0.34
257,1070,2021-06-25,True,0.85
1272,47,2023-04-12,True,0.53
380,1153,2024-10-11,False,0.24
800,362,2025-06-12,True,0.21
1102,502,2021-06-07,True,0.91
1046,816,2022-05-28,True,0.65
809,392,2022-04-11,True,0.7
644,41,2025-09-10,True,0.19
340,1321,2025-05-19,True,0.1
1172,605,2023-11-05,False,0.78
685,1213,2020-03-24,True,0.89
1001,298,2020-01-09,False,0.63
600,830,2024-08-22,True,0.77
1398,635,2021-08-28,True,0.55
894,297,2023-07-14,True,0.73
1494,1339,2024-02-25,False,0.98
217,166,2025-08-26,False,0.67
116,1143,2024-02-19,True,0.99
1200,49,2024-03-05,False,0.57
1456,735,2023-05-22,True,0.59
212,655,2023-03-17,True,0.42
1154,1298,2024-02-15,True,0.29
1012,1025,2026-04-19,False,0.1
1370,1438,2021-05-13,True,0.43
1309,1012,2021-04-21,True,0.52
255,689,2024-09-14,True,0.05
1271,775,2021-02-05,True,0.37
1331,488,2024-11-13,False,0.16
1317,643,2025-09-22,True,0.44
58,676,2024-05-18,True,0.44
318,777,2024-08-24,True,0.73
601,208,2023-07-23,False,0.51
366,351,2021-12-06,True,0.48
1107,1306,2020-10-13,False,0.04
848,1018,2021-04-13,True,0.17
1289,1103,2021-08-08,True,0.17
652,792,2025-04-25,False,0.58
144,1061,2026-02-26,False,0.21
1308,1398,2024-04-19,True,0.18
157,1200,2023-05-01,False,0.64
1007,1449,2022-09-11,True,0.98
1041,795,2022-01-15,False,0.28
426,1206,2023-09-20,False,0.64
1350,907,2022-06-26,False,0.99
1005,434,2026-01-05,True,0.77
168,339,2022-11-14,True,0.26
1440,963,2025-12-22,False,0.3
277,170,2025-08-26,True,0.15
1246,280,2024-02-12,False,0.51
212,61,2020-08-07,False,0.54
1118,509,2025-01-17,False,0.21
382,1234,2021-01-22,False,0.69
447,545,2020-05-10,True,0.64
266,248,2020-09-12,False,0.42
1474,1410,2020-10-12,False,0.71
499,705,2020-06-10,False,0.11
352,451,2021-07-18,True,0.56
556,490,2020-09-21,False,0.46
1233,1417,2021-11-15,True,0.53
242,989,2022-02-02,True,0.7
1069,440,2026-03-05,False,0.46
269,547,2025-11-01,False,0.02
1228,636,2025-04-11,True,0.7
1402,26,2022-11-19,True,0.96
32,425,2021-12-14,True,0.69
1246,506,2020-12-29,True,0.88
551,1141,2022-02-07,True,0.21
952,173,2026-03-26,True,0.56
249,469,2020-12-24,True,0.82
540,480,2023-09-02,True,0.14
1092,67,2023-02-03,False,0.17
1203,971,2023-03-08,False,0.64
344,1192,2023-09-19,True,0.51
439,353,2024-07-13,True,0.7
1293,1271,2023-10-12,True,0.66
5,593,2023-05-19,True,0.16
1144,958,2023-03-05,True,0.95
1401,170,2025-08-02,False,0.55
341,842,2025-01-02,False,0.6
281,792,2023-08-11,False,0.82
687,1084,2020-04-12,True,0.18
784,63,2021-03-30,True,0.34
1234,221,2022-08-25,False,0.45
234,247,2025-05-26,True,0.71
1304,381,2023-12-28,False,0.79
588,782,2023-06-12,True,0.38
1185,982,2025-06-09,False,0.06
469,1062,2025-11-20,True,0.01
1197,952,2021-03-27,False,0.59
883,1448,2021-02-20,False,0.97
670,1473,2021-10-17,False,0.67
536,1213,2020-01-16,True,0.32
1446,327,2025-04-02,False,0.36
1297,803,2022-08-01,False,0.49
1435,193,2025-08-31,False,0.53
530,715,2020-09-04,False,0.17
1248,720,2021-02-10,True,0.4
1122,765,2021-03-25,True,0.78
9,1412,2021-10-15,True,0.97
722,880,2024-12-07,False,0.93
83,1006,2025-12-12,False,0.2
399,313,2026-01-25,True,0.02
94,928,2023-04-27,False,0.16
661,544,2022-04-10,True,0.82
753,1174,2023-04-24,False,0.16
255,812,2024-08-26,False,0.53
868,691,2021-02-19,True,0.06
1487,1024,2025-01-17,False,0.52
810,26,2024-11-22,False,0.46
681,572,2025-09-12,True,0.08
135,608,2021-12-06,False,0.41
1011,671,2025-12-22,True,0.93
1282,1165,2020-08-14,True,0.44
831,778,2026-04-15,False,0.44
274,1461,2023-12-17,True,0.89
897,1115,2025-07-23,False,0.3
963,1360,2020-12-02,True,0.91
1014,661,2020-09-10,True,0.83
1362,531,2025-08-01,False,0.08
630,990,2020-07-05,True,0.05
618,1116,2022-05-09,True,0.35
1441,883,2023-11-05,False,0.11
968,321,2026-04-05,False,0.88
627,1100,2025-08-03,False,0.53
1149,627,2025-01-06,True,0.57
339,310,2024-06-23,False,0.87
1188,1142,2021-03-07,True,0.41
997,254,2023-01-24,False,0.03
884,258,2022-11-24,True,0.8
274,744,2023-03-29,True,0.86
1496,550,2021-10-03,True,0.16
23,743,2024-01-22,True,0.71
603,1305,2023-09-14,True,0.02
936,703,2021-09-06,True,0.2
265,969,2024-05-04,True,0.81
1457,1059,2023-10-30,False,0.86
444,48,2021-11-23,True,0.5
32,956,2023-01-24,False,0.53
1405,521,2025-08-20,True,0.85
1139,1225,2024-08-22,True,0.32
585,1237,2020-07-17,False,0.48
1190,1081,2024-06-11,False,0.51
1201,929,2025-10-06,True,0.5
58,773,2024-10-24,True,0.64
1455,551,2025-12-23,True,0.64
658,968,2022-06-24,False,0.93
138,540,2026-01-14,True,0.33
505,811,2022-12-24,True,0.54
438,940,2022-03-18,True,0.49
393,462,2020-09-21,False,0.37
18,14,2025-02-23,True,0.6
181,823,2023-05-26,False,0.33
26,801,2025-02-23,True,0.6
1254,752,2023-02-08,True,0.36
181,595,2024-10-20,True,0.59
1291,891,2026-03-14,False,0.21
1154,254,2025-08-26,True,0.92
869,465,2021-08-03,False,0.09
413,1256,2025-05-10,False,0.9
168,127,2021-09-12,False,0.55
1495,194,2021-09-16,True,0.07
1245,1024,2023-10-08,False,0.14
227,1026,2021-03-09,True,0.7
277,1482,2024-06-07,False,0.22
587,494,2024-05-12,True,0.24
539,624,2025-10-21,False,0.73
974,9,2020-02-29,True,0.04
934,1329,2021-08-12,False,0.1
1427,242,2021-07-21,True,0.13
97,378,2025-04-20,True,0.49
887,134,2023-11-29,True,0.42
1358,338,2020-10-21,False,0.54
833,459,2025-10-22,False,0.68
1467,215,2022-01-13,False,0.66
1358,1475,2026-01-20,False,0.8
879,344,2021-02-05,True,0.31
119,589,2022-06-18,True,0.39
1443,458,2022-08-01,True,0.74
662,989,2022-01-28,False,0.21
723,1301,2025-09-27,False,0.01
284,833,2024-07-25,True,0.02
246,324,2020-05-31,False,0.03
491,1443,2025-05-18,False,0.07
589,513,2023-08-14,False,0.05
1105,423,2020-03-30,True,0.23
1373,1271,2022-03-01,True,0.28
1196,1359,2020-07-06,False,0.17
551,1381,2024-04-10,True,0.38
412,1482,2024-06-12,True,0.19
345,854,2024-08-20,True,0.18
103,1463,2022-04-28,False,0.41
640,941,2021-08-10,False,0.78
1195,216,2022-01-04,True,0.12
1239,1067,2025-07-26,True,0.86
883,884,2022-06-09,True,0.12
909,1385,2023-09-25,False,0.98
41,983,2023-09-12,True,0.61
204,337,2024-09-23,False,0.6
283,932,2021-10-19,False,0.1
628,302,2021-07-27,True,0.93
608,604,2022-04-21,False,0.39
1097,1274,2023-03-04,True,0.82
243,1339,2022-03-12,True,0.7
1431,781,2025-10-10,True,0.67
1196,1211,2020-04-10,False,0.96
1084,740,2024-12-22,False,0.42
134,752,2021-11-14,True,0.18
1004,1377,2020-10-27,False,0.62
406,754,2022-12-06,False,0.55
1480,129,2025-11-27,False,0.54
296,62,2025-09-16,False,0.32
492,772,2023-12-27,False,0.99
1211,1274,2021-06-26,True,0.07
538,1327,2023-01-27,True,0.18
418,584,2025-03-18,False,0.82
295,236,2020-04-25,False,0.18
50,770,2021-07-16,False,0.1
79,1118,2022-12-04,False,0.13
1456,795,2022-10-30,True,0.31
994,362,2020-07-20,False,0.4
189,922,2020-06-30,False,0.52
118,1074,2024-10-16,False,0.23
853,798,2022-02-10,True,0.78
1273,487,2020-01-03,False,0.81
714,908,2021-02-24,True,0.83
1131,1165,2021-03-17,True,0.94
485,77,2022-12-16,False,0.19
595,1036,2024-11-26,True,0.38
836,335,2023-06-27,False,0.02
417,1366,2024-04-28,False,0.89
926,836,2026-03-11,False,0.89
1114,1283,2024-01-05,False,0.72
283,736,2024-09-01,True,0.4
1072,1494,2026-03-22,True,0.73
840,923,2020-12-06,False,0.94
565,121,2023-06-21,False,0.46
300,918,2020-10-30,True,0.8
1090,1105,2024-12-04,False,0.47
282,811,2026-04-23,False,0.81
127,474,2023-09-29,False,0.76
1286,507,2021-11-16,False,0.25
1498,823,2023-05-10,False,0.48
242,1357,2022-08-16,True,0.97
901,261,2024-07-21,True,0.08
868,738,2020-10-04,True,0.71
1081,1399,2021-05-07,True,0.91
228,976,2023-12-25,True,0.38
299,107,2025-12-03,True,0.67
797,1473,2025-12-07,False,0.07
856,982,2024-10-27,True,0.28
565,934,2021-02-28,False,0.81
342,484,2025-01-22,False,0.95
1382,1447,2025-05-04,False,0.54
222,620,2022-02-06,False,0.16
787,624,2025-03-13,True,0.53
828,1121,2025-05-04,False,0.24
959,182,2022-04-02,False,0.98
303,1240,2023-12-28,True,0.2
1073,850,2023-09-25,False,0.97
1105,801,2025-06-17,True,0.92
377,1275,2021-05-03,True,0.64
689,320,2021-10-07,True,0.12
50,1496,2026-04-26,False,0.55
333,1007,2022-09-08,True,0.79
628,1271,2020-10-14,True,0.45
824,657,2024-10-08,True,0.61
925,434,2021-11-23,True,0.85
1137,399,2024-07-24,False,0.12
452,714,2025-10-05,False,0.78
1436,2,2022-12-24,False,0.3
971,7,2023-09-06,False,0.12
210,1161,2025-01-24,True,0.87
325,1181,2021-05-23,False,0.62
635,235,2023-06-09,False,0.44
192,631,2022-04-11,True,0.33
715,856,2024-09-02,True,0.6
755,157,2025-12-11,False,0.44
4,811,2023-12-10,False,0.82
397,1016,2023-04-23,True,0.1
328,1168,2022-06-25,True,0.23
1305,617,2022-10-29,False,0.98
551,1041,2023-01-02,True,0.44
1473,407,2023-12-07,False,0.58
44,481,2024-01-28,True,0.98
571,674,2024-01-01,True,0.31
380,83,2023-09-21,True,0.47
525,656,2022-07-04,True,0.12
238,1127,2021-10-10,True,0.69
1098,471,2021-08-02,True,0.99
78,71,2023-07-25,False,0.38
594,250,2025-08-15,False,0.4
1283,1423,2021-07-03,True,0.1
110,487,2025-04-12,False,0.97
162,628,2021-09-19,True,0.24
1195,70,2020-08-24,True,0.03
319,307,2021-03-12,True,0.14
1182,2,2023-05-04,False,0.61
435,183,2024-08-04,False,0.15
926,1092,2021-01-20,False,0.97
1383,359,2024-04-04,True,0.34
578,1202,2024-01-01,False,0.23
1234,646,2020-01-03,True,0.27
608,1006,2021-03-03,True,0.61
1322,761,2025-02-17,False,0.98
700,996,2024-06-02,True,0.06
1133,170,2024-07-10,True,0.86
829,467,2020-02-13,True,0.9
1494,215,2020-08-01,False,0.34
813,51,2020-06-30,True,0.44
133,1126,2024-03-29,False,0.14
1328,90,2022-06-29,False,0.58
1465,689,2024-08-27,True,0.46
431,1205,2025-07-13,False,0.73
634,899,2025-08-02,False,0.39
640,411,2020-06-19,True,0.01
699,1240,2024-08-19,True,0.6
1057,681,2023-07-10,False,0.27
512,867,2022-09-28,False,0.92
740,395,2025-04-29,True,0.73
940,1062,2024-03-19,False,0.2
615,603,2020-11-27,False,0.69
1300,725,2020-04-03,False,0.0
748,52,2023-03-10,True,0.13
9,340,2025-10-05,True,0.33
259,240,2022-05-15,False,0.66
343,1402,2022-04-03,True,0.67
51,502,2020-06-01,True,0.5
22,808,2024-09-04,True,0.88
1013,305,2022-03-15,False,0.41
1247,803,2020-04-07,False,0.49
776,1128,2021-07-22,False,0.99
416,758,2025-08-11,True,0.56
850,322,2020-02-19,False,0.15
268,232,2025-12-30,True,0.82
278,1219,2024-01-23,True,0.31
801,86,2023-12-25,True,0.18
103,14,2024-02-03,False,0.34
256,452,2025-10-09,True,0.2
829,1207,2024-10-29,False,0.98
1010,236,2024-12-29,True,0.03
321,548,2022-06-29,True,0.62
519,1408,2025-09-06,True,0.02
1046,364,2021-03-14,False,0.46
332,78,2025-08-28,True,0.51
757,196,2023-02-11,False,0.51
277,1494,2022-02-05,True,0.75
1353,1232,2025-05-13,True,0.98
979,771,2022-10-10,True,0.29
1380,1,2021-07-15,False,0.54
778,151,2026-02-26,False,0.07
1258,389,2025-08-01,True,0.06
1440,1253,2020-04-27,False,0.11
488,218,2024-05-15,False,0.62
433,105,2023-04-10,True,0.25
1120,786,2024-07-21,True,0.98
1100,858,2023-02-12,False,0.89
425,1343,2025-04-25,False,0.62
752,1092,2025-08-06,False,0.63
1143,320,2025-02-03,True,0.44
526,82,2022-09-11,True,0.07
687,990,2020-04-25,True,0.9
956,3,2025-02-09,True,0.67
1030,1112,2023-03-22,False,0.68
1465,1418,2022-07-22,False,0.73
1271,453,2025-01-25,True,0.73
1125,701,2024-02-18,False,0.82
933,21,2020-04-27,False,0.3
973,1043,2020-07-02,False,0.12
1071,353,2023-08-11,False,0.18
213,1215,2022-03-13,False,0.26
1404,463,2020-07-11,False,0.42
352,1199,2024-02-12,True,0.23
807,948,2022-09-10,False,0.78
711,93,2020-07-03,False,0.03
1245,753,2022-10-27,True,0.25
497,1059,2023-11-07,True,0.52
707,252,2022-03-26,False,0.66
759,925,2024-03-04,False,0.64
55,1475,2026-01-26,False,0.09
822,1132,2025-02-18,True,0.35
1099,82,2025-06-27,True,0.06
45,980,2022-04-09,True,0.64
987,544,2020-10-05,False,0.99
177,1292,2021-03-26,True,0.24
443,1166,2024-10-18,True,0.5
1028,409,2020-07-25,False,0.48
97,1406,2024-12-02,False,0.1
1464,1276,2024-06-14,False,0.85
300,1046,2025-01-19,True,0.64
1057,440,2022-02-04,True,0.55
954,1468,2023-03-27,True,0.9
764,978,2020-11-30,False,0.27
943,112,2020-03-03,False,0.06
1355,624,2024-04-09,True,0.68
1209,1465,2025-06-12,False,0.32
803,456,2020-12-08,True,0.84
1291,976,2023-12-10,True,0.26
610,950,2024-10-07,True,0.81
740,509,2021-03-26,True,0.59
1493,901,2026-03-10,False,0.69
378,773,2024-08-19,False,0.06
1481,1239,2021-04-03,True,0.03
434,844,2024-05-04,True,0.36
17,22,2020-04-03,True,0.03
1153,465,2020-11-06,False,1.0
1454,1209,2020-07-06,True,0.74
457,1412,2023-08-05,True,0.85
1136,331,2023-02-25,True,0.16
872,210,2020-12-21,True,0.31
53,728,2023-08-05,True,0.16
663,650,2022-06-20,True,0.69
560,768,2020-04-09,True,0.27
630,274,2022-07-11,True,0.6
234,723,2023-08-20,True,0.87
867,347,2023-05-11,True,0.64
1448,886,2023-02-02,True,0.24
1090,1458,2023-12-13,True,0.2
1075,603,2025-05-31,True,0.1
301,613,2021-06-04,True,0.76
1238,491,2024-10-19,False,0.78
1022,386,2021-04-15,False,0.36
431,268,2025-08-06,False,0.89
1069,899,2021-09-14,False,0.61
731,1190,2021-12-08,False,0.9
830,72,2020-07-19,True,0.5
1027,547,2021-08-03,True,0.96
542,1220,2024-08-30,False,0.82
1424,1266,2023-06-01,True,0.24
593,260,2020-12-31,False,0.15
1118,1354,2022-05-02,False,0.77
404,356,2026-04-02,False,0.5
1335,750,2022-11-28,False,0.36
1191,1290,2024-05-26,True,0.73
1398,1113,2020-11-06,True,0.26
1341,430,2024-09-24,True,0.11
362,477,2026-03-08,True,0.52
203,38,2025-05-10,False,0.0
1017,909,2024-10-10,True,0.06
1475,1224,2025-07-29,False,0.45
1189,766,2020-05-24,True,0.33
1417,1167,2025-12-08,True,0.87
1250,262,2022-09-06,True,0.75
814,401,2025-11-27,True,0.38
182,800,2021-08-10,True,0.02
689,523,2022-08-24,True,0.02
382,893,2020-02-28,False,0.95
343,1449,2023-10-01,True,0.21
489,648,2026-03-06,True,0.15
350,998,2021-03-02,True,0.9
190,1113,2026-02-25,False,0.76
1015,433,2025-05-22,True,0.2
1455,1138,2025-06-27,False,0.93
1373,198,2023-04-02,True,0.88
1049,1356,2020-06-05,True,0.16
936,983,2022-11-17,False,0.92
1481,171,2022-06-14,False,0.85
829,886,2025-05-06,True,0.25
1282,284,2020-04-06,False,0.07
894,111,2023-05-29,False,0.1
1129,444,2025-08-22,False,0.68
1434,845,2023-03-26,True,0.9
1358,976,2020-08-15,False,0.16
353,832,2020-10-05,True,0.82
413,1137,2026-03-30,False,0.75
494,715,2021-01-31,False,0.36
552,397,2021-07-26,True,0.6
966,549,2023-08-12,False,0.9
967,621,2026-03-15,True,0.03
1095,955,2021-02-08,True,0.5
320,1093,2020-04-03,True,0.4
789,723,2025-08-28,True,0.46
455,323,2020-06-24,False,0.45
755,855,2024-07-25,False,0.73
730,69,2025-03-19,True,0.9
202,720,2023-06-22,False,0.21
466,78,2026-01-14,False,0.35
404,440,2020-02-18,True,0.97
735,1459,2026-04-23,True,0.17
480,1107,2020-04-03,True,0.96
253,1394,2025-08-31,False,0.35
355,508,2025-05-22,False,0.82
605,988,2020-11-13,True,0.82
57,295,2023-06-24,True,0.22
1100,231,2022-10-24,True,0.78
144,191,2023-07-19,True,0.94
746,1225,2020-06-11,False,0.87
621,1155,2020-11-09,True,0.87
1472,502,2021-06-04,False,0.64
939,1206,2022-01-02,True,0.37
1095,571,2023-02-24,True,0.32
317,662,2020-01-30,False,0.07
219,155,2022-04-15,True,0.88
1141,10,2021-09-13,True,0.36
246,1126,2025-07-14,False,0.73
226,1051,2021-03-18,False,0.79
1111,1403,2025-10-04,False,0.74
1153,991,2024-07-02,True,0.85
303,1303,2022-04-15,True,0.82
1182,771,2025-01-10,True,0.05
90,244,2025-11-08,True,0.49
548,1274,2023-01-20,True,0.15
99,823,2020-05-22,False,0.43
247,183,2020-01-02,True,0.92
609,24,2022-06-09,False,0.11
870,377,2023-06-02,False,0.93
222,1056,2021-12-21,False,0.14
882,1304,2024-06-10,False,0.8
1210,1095,2023-09-30,True,0.99
551,417,2024-02-14,False,0.11
902,243,2024-10-03,True,0.58
1100,251,2023-08-07,False,0.87
543,444,2021-10-04,True,0.73
269,504,2020-12-09,False,0.26
1214,75,2025-08-22,False,0.53
196,499,2020-01-23,False,0.06
985,383,2025-08-30,False,0.03
2,420,2024-09-16,False,0.74
346,1243,2022-03-19,True,0.42
988,1489,2024-05-25,True,0.39
409,367,2020-08-23,False,0.25
417,1056,2026-03-31,False,0.97
419,542,2026-02-06,False,0.35
515,512,2021-06-05,False,0.23
482,1301,2024-11-25,False,0.57
1174,1346,2024-03-21,True,0.3
344,1282,2025-08-07,False,0.88
1246,1398,2024-12-26,True,0.2
679,930,2020-01-17,False,0.05
925,389,2022-10-19,False,0.03
614,3,2020-09-15,True,0.94
964,805,2025-06-11,False,0.95
410,5,2022-03-14,True,0.99
952,1097,2023-09-04,False,0.09
645,929,2020-08-27,True,0.69
647,445,2024-11-29,False,0.65
55,1373,2025-11-29,True,0.26
1483,1427,2025-07-26,True,0.18
102,1232,2020-12-23,True,0.46
1357,1208,2023-10-08,True,0.26
1438,477,2023-05-13,False,0.28
911,1115,2024-05-11,True,0.94
831,1071,2025-10-18,True,0.2
1117,1399,2025-06-07,True,0.67
1475,1202,2023-01-31,True,0.01
216,320,2021-04-16,False,0.83
1087,595,2023-07-06,True,0.95
1112,184,2021-07-03,True,0.0
69,463,2021-05-06,False,0.47
409,1145,2023-05-02,True,0.96
1148,1242,2024-11-27,True,0.66
322,255,2020-05-02,True,0.28
1019,1369,2025-10-23,True,0.92
1465,1376,2026-04-20,False,0.2
175,1500,2023-08-23,False,0.82
591,948,2025-09-27,False,0.18
385,861,2024-01-17,True,0.22
80,1192,2024-12-29,True,0.17
693,1329,2020-01-26,True,0.71
303,142,2022-03-16,False,0.92
669,985,2020-11-22,True,0.66
524,1283,2020-03-31,True,0.38
1277,558,2025-01-22,False,0.88
1264,1195,2024-09-18,False,0.64
269,571,2024-02-27,True,0.11
718,356,2021-01-11,False,0.86
729,22,2021-12-05,True,0.95
683,1092,2020-09-26,True,0.96
701,522,2023-06-13,True,0.39
189,438,2025-08-25,True,0.58
822,418,2021-01-02,True,0.15
72,1424,2024-12-09,True,0.82
752,275,2024-02-25,False,0.12
1461,449,2023-10-29,True,0.0
763,905,2022-11-10,False,0.32
609,1497,2024-08-01,True,0.87
1150,534,2025-08-09,True,0.74
1233,895,2024-11-21,False,0.47
544,337,2024-06-25,True,0.0
252,524,2023-11-30,True,0.92
701,1285,2024-09-09,False,0.59
466,250,2026-01-09,True,0.34
688,680,2026-04-19,False,0.34
255,633,2024-05-29,True,0.25
846,69,2020-01-22,True,0.68
434,6,2023-02-22,False,0.97
1120,1080,2023-05-18,False,0.68
740,293,2025-12-12,True,0.29
378,157,2024-07-14,False,0.65
495,52,2025-02-22,False,0.41
1107,255,2024-07-30,False,0.5
1178,1128,2020-11-09,True,0.94
391,355,2024-09-04,False,0.5
142,15,2020-11-29,False,0.68
1165,193,2021-02-10,True,0.26
792,1214,2024-10-15,True,0.57
843,1238,2020-02-04,True,0.94
25,135,2020-10-13,False,0.71
146,131,2023-12-17,True,0.83
288,1073,2023-04-22,False,0.58
338,914,2024-01-21,True,0.69
602,1098,2020-01-14,False,0.16
395,773,2020-10-27,False,0.42
1160,67,2025-05-18,False,0.71
1114,567,2024-12-07,False,0.05
209,268,2022-11-29,True,0.09
1251,631,2024-03-05,True,0.05
757,33,2023-01-31,True,0.51
1068,436,2021-09-02,True,0.18
361,447,2022-12-03,False,0.26
1104,554,2022-11-26,True,0.64
1065,1313,2020-08-21,False,0.08
255,1487,2025-04-21,True,0.74
1096,735,2024-05-20,False,0.87
919,326,2022-05-16,False,0.0
179,866,2023-10-06,False,0.25
1282,469,2025-02-22,False,0.53
667,943,2022-04-27,True,0.74
833,239,2023-04-30,True,0.05
802,863,2020-11-28,True,0.44
642,205,2020-10-20,False,0.28
1425,590,2025-06-02,True,0.63
46,1275,2022-08-20,False,0.09
867,1409,2025-07-10,False,0.56
1432,985,2020-07-15,True,0.47
788,853,2020-08-19,False,0.71
503,45,2020-02-29,False,0.2
1251,1256,2022-12-25,False,0.97
796,75,2024-12-25,False,0.42
457,189,2021-06-08,True,0.34
867,1132,2023-03-05,False,0.56
480,1184,2021-05-24,True,0.34
956,261,2022-05-13,True,0.22
157,1500,2020-03-25,False,0.86
1486,247,2024-02-03,False,0.02
918,481,2021-07-25,False,0.25
1361,563,2021-05-06,True,0.31
668,1107,2020-12-10,False,0.65
871,1339,2021-02-08,False,0.24
271,1366,2021-08-24,False,0.31
1444,807,2026-01-10,False,0.5
915,1047,2026-01-27,False,0.24
1238,1018,2022-01-07,True,0.94
982,602,2024-05-18,False,0.86
297,1202,2023-02-22,False,0.2
287,858,2025-05-08,True,0.62
281,1023,2020-02-03,False,0.68
615,1238,2021-10-14,True,0.56
282,611,2021-04-16,False,0.32
669,1200,2025-04-10,False,0.43
250,1061,2022-03-01,False,0.31
1374,947,2023-01-01,False,0.5
1332,852,2020-04-16,True,0.84
1029,24,2022-08-25,False,0.14
1341,15,2025-01-28,False,0.15
807,1284,2022-12-14,False,0.99
870,384,2020-09-10,True,0.72
88,1035,2021-03-30,False,0.22
284,882,2024-02-27,True,0.49
677,162,2021-09-23,False,0.63
934,1500,2020-04-29,False,0.49
557,826,2020-09-15,True,0.87
401,1411,2020-12-07,False,0.49
1191,231,2024-10-04,True,0.12
426,1430,2022-07-26,False,0.81
1049,34,2020-02-27,True,0.55
201,410,2024-11-28,False,0.14
624,247,2022-12-17,True,0.83
982,520,2021-12-08,False,0.41
72,174,2021-02-28,True,0.69
657,1124,2022-07-09,True,0.87
760,880,2022-12-29,True,0.33
1254,1499,2020-06-19,True,0.91
1285,662,2021-03-26,False,0.85
1406,1242,2024-10-11,False,0.36
797,863,2024-09-29,False,0.3
1304,712,2021-06-21,True,0.08
1332,959,2025-09-06,False,0.18
1366,1492,2022-11-03,False,0.69
170,688,2020-09-20,False,0.49
1072,130,2022-04-30,False,0.02
539,1288,2024-11-10,True,0.53
825,581,2026-02-21,False,0.07
181,243,2022-01-23,True,0.21
502,786,2024-12-09,False,0.82
1303,1205,2021-03-10,False,0.4
244,179,2022-02-06,False,0.1
1284,867,2025-07-27,True,0.24
1359,92,2025-12-25,True,0.28
1216,1183,2023-09-04,True,0.37
962,677,2020-10-09,True,0.03
91,1119,2021-04-29,True,1.0
1339,1130,2023-09-27,False,0.88
856,1479,2024-04-18,True,0.19
517,172,2021-12-05,True,0.72
1455,791,2020-06-05,True,0.42
665,884,2025-10-09,False,0.06
1494,386,2020-08-22,True,0.19
515,865,2024-04-19,True,0.03
1439,951,2023-11-25,True,0.43
857,128,2022-10-30,False,0.75
896,286,2021-12-01,True,0.02
1330,1274,2021-06-12,True,0.93
1071,577,2021-06-22,False,0.76
778,1412,2021-05-27,False,0.14
993,663,2020-07-15,True,0.16
640,243,2023-05-24,False,0.55
146,1039,2021-09-07,True,0.87
956,725,2026-04-02,False,1.0
818,1237,2021-01-11,True,0.72
253,32,2020-11-28,True,0.63
9,991,2025-06-11,True,0.67
959,1134,2025-02-15,True,0.8
1319,666,2020-09-22,True,0.14
1331,743,2021-02-27,False,0.82
1300,317,2021-06-16,False,0.25
521,1260,2025-11-12,False,0.93
770,192,2025-04-10,True,0.58
390,600,2024-04-09,False,0.52
865,72,2025-09-13,False,0.0
605,210,2023-04-08,True,0.87
1443,287,2025-04-18,True,0.87
1116,1002,2021-11-09,True,0.87
625,434,2020-02-25,False,0.19
673,1427,2021-12-29,False,0.38
864,601,2021-08-10,True,0.98
1336,516,2021-04-25,True,0.96
464,1093,2021-09-15,True,0.01
1249,1295,2020-10-25,True,0.49
210,850,2023-03-09,True,0.95
280,1191,2024-03-25,True,0.62
780,724,2023-06-11,False,0.8
122,916,2020-07-31,True,0.01
1479,196,2025-10-07,False,0.46
1402,350,2022-02-09,False,0.57
895,65,2024-02-12,False,0.92
65,1127,2021-09-01,False,0.66
870,173,2025-08-05,True,0.6
195,915,2025-10-06,True,0.04
1143,82,2022-04-12,True,0.06
1226,1375,2020-03-28,True,0.86
1328,1233,2020-03-13,True,0.58
809,1197,2023-05-12,True,0.11
1328,684,2021-04-05,True,0.01
865,1236,2020-02-03,True,0.47
781,1227,2022-04-12,True,0.27
364,726,2025-08-02,True,0.54
836,54,2025-12-24,True,0.65
680,650,2024-06-01,True,0.12
1205,1333,2022-01-12,False,0.75
795,325,2021-04-11,True,0.85
1330,1195,2022-03-18,True,0.2
779,221,2025-06-08,True,0.45
414,570,2021-05-31,False,0.1
792,260,2022-11-11,False,0.81
862,1297,2022-11-13,True,0.71
139,85,2024-02-11,False,0.72
