user_id,post_id,fecha,reaccion,intensidad
1297,227,2023-06-30,angry,8
365,61,2020-10-15,sad,4
411,41,2022-06-17,love,9
317,720,2021-02-01,sad,9
1150,199,2023-07-25,wow,8
874,565,2025-08-22,wow,4
1035,72,2022-02-08,love,3
589,887,2021-05-02,sad,8
653,282,2020-09-06,angry,2
1178,764,2021-09-08,sad,1
797,522,2023-04-22,love,6
1329,99,2025-02-26,wow,8
1365,646,2024-02-12,angry,8
1469,458,2022-01-04,like,1
184,474,2024-09-08,love,4
1287,898,2023-10-08,wow,5
1361,981,2020-05-21,angry,5
562,766,2023-11-02,sad,1
1063,429,2020-01-21,wow,3
136,999,2021-12-18,sad,6
801,758,2022-06-21,sad,2
920,899,2025-02-26,angry,8
1430,732,2022-11-18,sad,9
1241,705,2020-09-29,angry,6
1149,641,2025-01-08,wow,1
1142,377,2020-04-13,wow,9
287,853,2020-07-07,like,4
408,323,2020-05-09,love,9
1287,488,2022-10-24,like,6
886,231,2021-10-05,wow,5
745,613,2023-09-30,angry,8
468,670,2020-07-05,sad,10
244,513,2020-09-27,wow,1
563,165,2025-05-15,sad,8
892,6,2021-02-13,love,9
1373,460,2024-05-19,wow,7
74,119,2024-03-08,sad,2
1076,880,2023-08-21,love,7
482,927,2024-05-22,angry,5
1306,129,2026-04-15,wow,8
838,478,2021-11-06,sad,4
783,788,2021-01-13,angry,4
1468,735,2025-03-03,love,6
820,862,2020-05-12,like,9
980,938,2022-08-21,angry,10
544,909,2025-06-10,sad,8
333,397,2026-04-06,wow,9
671,626,2023-06-16,wow,10
86,241,2025-11-08,sad,4
805,618,2020-06-11,love,3
453,815,2025-08-25,love,2
976,643,2023-03-25,love,10
1001,771,2023-06-09,sad,9
349,554,2026-01-28,wow,3
1135,452,2024-11-11,love,4
1262,716,2020-05-28,angry,7
1017,109,2022-01-09,wow,4
290,981,2023-08-01,like,6
1232,86,2021-04-11,wow,7
176,198,2024-11-29,love,1
624,906,2025-09-26,love,1
1243,617,2024-10-26,like,8
535,644,2026-01-28,love,3
238,900,2024-07-24,wow,1
1261,419,2025-02-25,wow,10
1139,463,2024-12-10,sad,10
677,990,2026-04-22,like,5
655,781,2022-02-27,love,9
1276,672,2026-01-03,like,3
892,944,2025-01-26,wow,9
454,609,2022-02-08,wow,1
90,16,2021-03-01,love,1
58,885,2021-09-02,angry,9
67,965,2021-11-14,like,9
1129,336,2023-06-21,love,4
380,717,2020-05-08,wow,7
1271,977,2025-12-07,love,10
314,756,2024-02-10,angry,6
1275,945,2022-03-08,love,5
375,425,2021-11-15,like,7
149,487,2023-11-20,sad,7
266,162,2023-10-16,angry,2
363,942,2022-05-16,sad,2
958,386,2020-01-17,like,3
1159,248,2023-10-22,wow,10
1399,376,2025-11-11,sad,8
1385,797,2024-06-11,sad,4
686,715,2023-01-19,like,6
1300,513,2020-03-09,wow,1
1453,136,2023-04-29,like,3
1093,645,2022-06-17,love,1
1265,39,2021-06-04,angry,8
350,92,2023-10-14,love,7
1431,451,2021-10-08,sad,9
1431,514,2025-05-07,like,5
1243,937,2023-09-15,love,7
1004,732,2024-11-26,sad,4
119,231,2024-11-21,sad,2
1359,437,2021-12-20,like,5
126,540,2020-02-23,love,4
363,539,2024-09-13,angry,6
317,730,2020-05-15,angry,7
415,403,2021-08-11,like,8
36,873,2023-06-02,like,3
350,886,2020-05-13,angry,4
623,439,2020-09-21,like,6
1099,971,2025-05-15,wow,8
1187,635,2025-07-28,love,3
1179,681,2022-05-17,wow,4
28,928,2023-03-06,love,7
1184,948,2020-12-10,like,9
702,692,2025-03-18,angry,9
834,12,2021-05-28,angry,6
1401,49,2021-11-24,sad,3
1179,678,2023-08-27,wow,9
639,731,2025-02-19,angry,10
1281,284,2025-03-18,wow,4
111,25,2025-04-02,angry,5
1305,460,2022-06-19,wow,5
1482,602,2023-12-13,angry,7
24,290,2020-06-29,sad,4
747,249,2021-07-03,sad,10
265,874,2021-07-23,sad,5
21,250,2024-01-07,sad,1
871,175,2023-05-06,sad,8
977,715,2026-04-27,angry,8
80,804,2023-10-31,wow,6
372,314,2024-02-01,love,5
1141,497,2021-04-07,like,3
384,654,2023-03-05,sad,1
1169,518,2021-10-23,wow,8
464,869,2023-01-09,like,6
1022,583,2022-03-05,like,9
1020,94,2020-09-21,sad,7
128,647,2020-09-22,angry,7
166,538,2024-01-22,like,4
1158,376,2023-11-25,like,3
149,422,2026-01-10,love,4
951,841,2020-01-24,love,4
514,318,2025-11-12,like,1
150,61,2024-11-26,angry,7
1150,760,2024-03-07,like,7
1234,987,2020-07-05,love,7
639,577,2022-01-10,angry,2
693,783,2020-04-18,angry,10
1495,361,2022-03-16,wow,3
798,817,2020-02-25,like,10
1206,536,2023-09-20,like,5
537,697,2020-12-29,sad,3
1362,427,2022-07-20,wow,9
1329,966,2021-04-08,angry,8
897,965,2023-03-27,angry,9
693,783,2020-06-30,like,8
1102,698,2026-01-20,sad,5
696,766,2024-06-30,love,5
1146,479,2020-10-31,angry,8
268,729,2022-01-14,angry,10
1378,254,2021-04-07,love,3
1021,762,2025-03-03,wow,5
65,630,2024-05-20,like,1
1034,909,2026-03-10,love,9
727,248,2026-02-06,sad,3
300,317,2020-11-27,like,9
1123,246,2023-10-04,sad,4
472,610,2020-06-19,angry,10
203,95,2023-09-05,wow,6
634,90,2021-11-05,wow,4
293,493,2024-06-14,like,7
743,363,2021-03-08,wow,5
88,328,2020-11-21,angry,1
1398,882,2021-04-26,wow,5
371,446,2022-09-02,sad,8
870,137,2021-06-04,angry,3
475,216,2024-09-30,wow,3
531,525,2022-11-10,angry,7
1268,66,2025-09-15,wow,3
1357,125,2024-08-02,wow,4
1456,981,2020-01-31,wow,6
123,206,2021-06-20,angry,8
330,638,2024-04-30,love,5
188,987,2021-11-08,angry,7
1276,771,2021-08-18,angry,1
373,782,2020-06-30,love,3
1096,597,2020-09-19,sad,1
1103,300,2020-11-16,angry,3
95,64,2025-12-10,like,1
1419,319,2025-12-25,love,1
1290,71,2020-11-22,like,8
1014,817,2025-06-16,wow,9
709,933,2025-05-24,like,5
428,906,2024-10-08,sad,5
1311,589,2024-09-28,angry,8
348,583,2022-07-24,wow,5
79,175,2022-01-18,like,4
1192,747,2022-04-25,angry,2
701,230,2020-03-01,angry,7
320,499,2022-06-30,sad,2
889,515,2022-01-15,like,9
1077,671,2021-05-19,like,3
459,949,2023-09-04,love,5
1465,146,2020-08-05,angry,1
840,790,2021-11-16,like,9
957,553,2023-08-22,sad,8
515,170,2023-06-04,wow,2
492,221,2022-03-25,wow,6
107,141,2021-02-20,love,8
386,456,2020-06-06,like,10
1237,278,2021-05-30,wow,10
365,422,2024-01-27,sad,1
1183,574,2022-03-15,like,10
1279,539,2025-12-07,angry,2
1433,679,2023-01-20,sad,1
298,234,2022-05-06,sad,1
350,480,2022-08-31,like,1
659,76,2023-01-13,sad,8
1132,432,2025-01-23,wow,4
275,984,2021-05-02,love,8
910,557,2020-09-30,sad,5
1451,65,2024-04-11,love,4
1151,972,2021-06-15,sad,8
1253,5,2025-05-03,sad,3
499,696,2024-09-10,sad,1
1037,586,2021-04-09,like,5
730,701,2025-12-18,wow,7
486,299,2020-06-18,wow,1
269,187,2022-01-10,wow,6
1471,44,2023-07-24,like,1
884,378,2022-12-16,love,7
708,675,2023-02-12,angry,6
32,962,2020-03-29,angry,8
943,622,2024-02-03,sad,5
629,116,2023-10-18,angry,9
494,591,2024-02-09,wow,3
893,831,2023-07-14,love,8
282,536,2023-11-06,love,4
934,283,2023-07-18,like,5
18,541,2026-02-21,wow,3
618,134,2025-06-23,sad,4
684,941,2023-02-01,angry,7
571,861,2022-08-26,love,7
1151,702,2025-05-04,angry,3
1251,496,2026-04-10,sad,9
855,888,2021-05-23,love,5
656,464,2022-03-19,wow,4
472,806,2022-09-01,angry,10
244,824,2021-01-14,like,2
151,315,2022-02-16,wow,7
277,886,2022-08-23,like,9
864,29,2021-04-10,sad,1
1195,639,2021-04-24,sad,9
846,193,2021-08-09,angry,8
245,479,2021-12-08,wow,3
403,753,2020-11-25,like,6
1116,544,2024-11-10,sad,6
1491,963,2021-08-21,like,8
1013,43,2021-02-11,love,4
1466,961,2023-09-24,wow,1
1270,353,2022-09-03,like,8
101,827,2023-06-21,sad,5
1002,850,2026-03-10,wow,7
1279,3,2022-04-10,angry,10
508,222,2024-10-31,angry,7
792,250,2024-06-04,like,3
593,216,2024-08-06,angry,9
253,375,2025-09-06,love,3
597,135,2025-11-16,like,5
111,870,2023-02-26,wow,1
1105,846,2024-11-19,sad,5
195,86,2022-11-14,wow,3
1285,743,2025-06-24,wow,3
1030,90,2021-05-11,love,6
636,166,2022-12-22,angry,7
97,182,2022-12-13,angry,3
1021,575,2021-01-16,wow,3
1329,73,2020-04-21,wow,5
808,4,2020-11-15,love,4
48,467,2020-12-26,angry,1
70,264,2020-02-07,love,7
1077,75,2026-04-03,sad,4
1446,847,2026-01-08,angry,9
4,798,2023-02-09,sad,4
610,878,2020-03-08,sad,6
962,993,2023-09-20,wow,5
225,532,2024-12-11,sad,2
1474,323,2023-11-10,wow,6
261,353,2020-05-17,like,2
957,512,2025-10-10,angry,6
1358,45,2020-05-07,love,10
1071,826,2021-11-28,love,10
349,506,2024-04-17,wow,1
1174,10,2024-04-26,angry,6
1447,93,2024-06-06,wow,3
250,787,2020-04-25,love,1
112,593,2024-09-01,love,6
973,886,2020-06-06,like,5
780,202,2025-06-08,like,10
1002,474,2021-11-27,wow,9
1378,73,2020-08-12,wow,3
104,313,2021-05-24,like,3
1372,872,2023-11-27,love,9
170,764,2020-11-09,wow,4
538,707,2025-10-08,sad,2
1100,696,2023-05-24,angry,9
482,415,2025-11-27,sad,7
433,181,2024-01-24,wow,6
124,45,2026-01-26,sad,9
312,456,2020-04-30,angry,7
1078,898,2024-07-20,angry,6
1090,928,2024-10-13,love,10
634,31,2025-12-28,sad,4
1467,372,2022-03-15,wow,1
973,506,2023-03-22,wow,9
954,939,2026-03-10,angry,7
364,602,2021-02-23,like,8
1461,270,2023-05-12,angry,8
994,191,2023-07-17,sad,3
489,611,2023-10-02,wow,2
931,472,2023-07-07,sad,7
458,330,2026-01-29,sad,4
161,822,2026-03-10,angry,6
343,41,2024-09-24,like,2
1137,48,2025-10-01,angry,1
668,953,2021-03-20,angry,9
1070,379,2021-05-02,angry,6
107,703,2026-03-10,love,8
433,481,2020-07-12,wow,4
140,331,2022-11-19,love,6
321,27,2023-01-01,wow,8
900,61,2025-10-05,love,3
65,468,2024-07-31,angry,8
147,58,2024-04-30,angry,6
1092,661,2024-05-06,like,10
1188,467,2024-03-08,like,8
428,148,2024-10-02,sad,8
364,377,2026-02-19,wow,7
1218,433,2020-04-30,sad,5
765,438,2024-07-17,like,1
853,514,2024-09-26,wow,4
898,491,2020-02-10,like,9
760,562,2021-04-22,wow,10
815,517,2024-08-02,angry,9
308,749,2022-01-06,angry,1
405,884,2025-05-21,love,10
872,801,2024-05-18,sad,4
144,628,2024-09-07,sad,7
941,885,2025-03-02,love,10
745,863,2020-03-12,wow,2
470,25,2021-02-02,love,4
612,741,2020-08-26,sad,1
1071,611,2020-07-30,love,7
255,120,2021-07-02,angry,9
263,384,2026-01-02,like,2
820,813,2023-07-09,wow,4
1152,599,2020-01-16,sad,7
1284,136,2025-05-19,angry,4
952,730,2021-01-22,sad,1
1486,833,2023-11-28,angry,9
306,914,2024-03-06,angry,8
393,123,2022-10-06,wow,5
17,919,2020-11-23,like,2
564,999,2025-05-04,like,2
663,306,2022-11-18,wow,4
612,821,2022-12-22,wow,3
1481,732,2023-11-11,sad,9
791,225,2025-10-30,love,9
340,359,2021-11-29,sad,10
1323,937,2023-06-02,like,2
525,545,2025-11-01,angry,10
367,976,2020-06-22,love,4
1151,462,2026-02-05,love,3
1188,72,2022-04-19,sad,1
330,795,2025-11-15,wow,4
1212,911,2020-10-09,wow,3
113,164,2021-06-08,like,9
1129,544,2025-10-07,sad,4
312,144,2021-06-08,angry,1
508,134,2026-03-08,wow,8
1013,502,2022-11-17,love,9
1149,68,2021-10-20,love,6
475,763,2021-12-08,love,2
51,618,2022-08-16,wow,9
559,527,2020-05-30,sad,10
1408,8,2023-03-09,like,9
1181,496,2023-07-14,love,9
595,833,2024-12-30,like,10
365,296,2022-05-04,sad,8
1095,132,2023-02-13,sad,5
646,369,2025-08-30,love,4
787,616,2026-02-08,wow,5
182,852,2021-01-25,love,1
1111,599,2026-02-12,love,4
877,305,2023-06-14,sad,3
1158,52,2025-08-19,sad,6
475,448,2022-11-24,love,5
1128,434,2021-07-24,love,5
963,317,2025-04-23,wow,5
668,410,2024-09-23,angry,6
1053,395,2023-07-17,sad,2
1103,155,2025-02-05,angry,5
289,837,2022-06-13,love,10
396,574,2024-08-16,like,6
487,396,2023-01-13,sad,6
743,668,2021-06-26,angry,9
1079,567,2021-04-16,angry,3
646,769,2020-03-22,love,2
1493,886,2020-09-04,sad,9
651,126,2023-11-05,sad,3
1011,420,2024-07-30,like,10
1473,866,2026-04-13,like,8
879,963,2023-05-23,angry,5
519,443,2024-08-21,angry,6
1250,221,2021-06-27,wow,7
1046,632,2021-11-08,like,4
675,856,2023-05-19,angry,6
457,49,2023-05-18,love,10
794,495,2024-09-09,love,1
1288,821,2025-02-16,angry,3
558,185,2023-09-28,sad,3
21,949,2025-08-24,like,3
357,976,2025-01-08,like,9
795,26,2024-03-09,wow,9
443,962,2023-12-31,love,9
45,340,2021-02-25,angry,2
997,146,2022-10-15,love,6
1332,145,2025-12-19,sad,6
496,944,2026-01-13,angry,7
167,681,2022-02-12,sad,7
943,720,2024-10-01,angry,5
47,895,2025-12-17,sad,6
1021,844,2022-01-03,like,9
1074,648,2024-07-08,angry,9
1049,667,2020-08-15,wow,6
566,661,2022-08-12,love,8
225,86,2021-07-12,love,6
797,220,2022-12-03,wow,4
46,19,2020-05-02,like,9
1166,919,2020-04-03,love,2
1070,327,2026-03-12,angry,2
52,113,2025-04-17,like,7
1443,616,2022-12-10,sad,6
1317,23,2021-02-07,wow,7
1254,227,2020-04-03,sad,10
520,235,2022-10-15,like,1
794,123,2022-11-29,wow,9
1131,621,2025-05-23,wow,5
128,121,2021-01-26,love,2
476,544,2022-10-14,sad,9
271,434,2026-03-17,angry,8
1138,41,2024-08-01,like,8
453,239,2023-01-17,love,8
1008,979,2020-02-23,angry,10
104,805,2021-03-15,sad,1
485,456,2023-03-21,like,5
955,517,2021-05-06,wow,10
600,403,2024-12-15,angry,7
660,512,2020-12-17,wow,7
506,884,2024-04-23,love,3
203,520,2021-03-06,love,2
260,301,2020-01-16,wow,8
939,599,2026-03-13,love,6
152,26,2023-06-13,angry,8
573,209,2021-07-12,angry,10
1149,42,2024-09-02,angry,10
844,980,2024-04-04,love,8
602,2,2025-05-02,wow,10
134,990,2023-04-12,sad,8
33,997,2022-06-06,like,3
294,713,2025-05-18,wow,6
1498,91,2021-08-02,sad,9
9,871,2024-10-15,wow,10
57,673,2021-04-11,love,7
36,306,2025-08-24,angry,9
123,728,2024-09-30,wow,1
899,622,2026-04-14,love,8
595,579,2022-04-22,love,8
684,444,2020-08-18,angry,10
312,26,2023-05-10,wow,9
907,258,2022-07-15,angry,1
734,589,2022-03-14,love,4
842,249,2020-04-27,sad,9
328,374,2021-05-09,sad,8
1059,765,2020-04-25,like,7
615,511,2022-11-03,wow,9
1310,833,2020-08-18,angry,8
775,97,2022-02-09,sad,9
1164,877,2021-07-09,like,5
719,848,2022-10-16,love,1
804,951,2020-06-20,love,1
349,836,2020-07-17,love,4
399,355,2026-03-06,love,7
763,626,2025-01-20,love,4
694,373,2022-11-05,sad,10
715,803,2023-06-30,wow,10
467,865,2023-10-10,love,2
252,777,2020-03-10,love,1
1137,377,2023-07-22,wow,5
682,857,2020-12-23,love,9
251,210,2021-11-25,like,10
723,108,2020-11-04,wow,8
269,565,2021-10-04,angry,7
1189,109,2024-09-08,love,10
344,561,2022-03-12,angry,7
320,927,2025-06-11,wow,10
276,634,2025-07-24,sad,10
781,674,2020-08-08,love,2
989,973,2025-12-13,sad,6
1485,817,2022-03-04,angry,4
347,806,2024-12-08,love,7
506,263,2024-06-21,angry,6
275,874,2020-09-13,love,8
114,534,2022-08-10,angry,1
1301,893,2022-09-23,angry,7
1330,380,2023-05-03,sad,5
1368,82,2025-12-12,sad,5
1441,371,2026-04-26,love,9
1489,761,2022-07-08,angry,10
1255,11,2024-08-02,sad,6
1385,670,2020-01-19,angry,7
351,89,2020-07-09,angry,1
183,388,2026-01-30,sad,5
564,116,2021-01-17,love,2
1496,830,2025-10-25,angry,5
965,539,2026-03-01,like,9
1037,311,2024-07-29,love,10
499,1,2025-08-16,like,4
123,952,2023-11-21,love,2
1031,765,2022-08-05,angry,6
1280,204,2020-03-15,sad,5
687,28,2024-04-26,like,3
971,863,2023-10-18,like,3
1153,480,2023-11-15,sad,7
1402,176,2021-08-03,sad,10
304,44,2025-10-03,love,7
514,11,2021-11-17,love,8
596,669,2023-11-25,wow,4
1069,663,2023-10-12,wow,5
274,368,2022-06-09,wow,9
943,488,2025-10-24,love,6
140,296,2020-11-20,wow,2
939,915,2021-01-31,sad,2
388,578,2023-05-19,sad,3
1459,792,2024-09-01,angry,7
719,528,2021-08-12,wow,3
203,185,2021-10-28,love,10
966,544,2021-01-21,love,4
1365,349,2023-09-22,wow,10
596,108,2024-07-28,wow,7
8,450,2020-05-01,like,1
952,658,2025-12-14,sad,6
243,10,2024-07-04,angry,1
973,762,2022-10-03,sad,7
412,260,2022-04-27,love,9
990,21,2023-07-15,angry,2
414,322,2021-04-26,like,6
1458,797,2024-08-29,wow,7
687,879,2020-02-12,wow,1
143,337,2025-02-16,wow,2
549,499,2022-12-17,love,7
1420,395,2025-12-26,love,4
1354,301,2025-10-25,love,9
71,205,2025-03-31,angry,8
971,913,2020-04-13,angry,6
101,136,2024-01-25,sad,7
787,667,2025-09-26,love,7
441,574,2024-09-20,sad,5
52,881,2025-06-20,wow,3
115,805,2023-05-25,wow,3
929,670,2026-01-18,sad,8
29,115,2023-04-05,angry,9
999,579,2020-05-08,sad,3
1468,417,2022-03-04,like,10
1099,598,2022-07-30,love,4
575,858,2022-04-23,love,6
1445,351,2025-04-05,like,1
1197,324,2020-08-19,wow,5
408,754,2022-02-01,sad,8
311,515,2022-09-07,love,1
1315,803,2026-04-16,angry,1
352,42,2022-09-03,angry,6
1459,479,2022-03-11,sad,2
1292,952,2026-03-24,sad,7
584,623,2021-12-05,angry,6
957,732,2021-02-28,like,3
1003,408,2022-11-10,love,9
1260,598,2023-05-05,angry,2
61,514,2024-08-03,love,6
317,835,2021-06-17,wow,2
706,806,2025-10-17,love,9
1055,897,2022-12-19,angry,5
426,208,2023-02-13,love,1
1252,257,2021-12-09,sad,10
636,135,2020-11-21,sad,10
696,824,2025-02-13,wow,6
651,876,2025-01-18,wow,10
1012,715,2025-11-16,love,10
1483,266,2025-04-05,wow,5
208,34,2023-03-17,sad,10
130,502,2024-10-22,like,9
1124,550,2022-06-07,angry,10
606,695,2021-11-19,love,7
1229,821,2024-03-27,wow,5
849,926,2021-10-13,like,1
1293,150,2024-11-03,sad,2
1150,932,2024-11-13,love,4
1053,799,2020-10-30,love,10
125,558,2023-09-10,sad,6
1285,245,2020-07-01,angry,7
195,156,2024-02-20,love,8
890,637,2025-05-04,angry,2
696,16,2022-06-14,love,4
693,165,2020-10-20,sad,6
514,321,2022-07-19,angry,3
106,551,2025-08-13,love,2
811,568,2022-07-22,sad,9
1500,347,2020-10-03,love,7
1462,290,2024-12-25,sad,4
920,808,2021-10-03,angry,10
152,588,2024-07-20,sad,3
301,240,2020-08-29,angry,10
1187,360,2025-12-21,sad,9
399,79,2025-11-24,sad,1
352,195,2021-05-09,wow,10
231,242,2021-08-26,angry,7
31,836,2022-01-23,angry,4
355,880,2024-12-02,love,10
742,131,2025-09-23,love,3
576,92,2021-06-18,angry,10
764,285,2021-09-07,sad,8
1194,695,2022-03-15,love,5
1295,121,2022-04-26,angry,3
1262,13,2025-03-06,angry,3
1264,204,2020-01-13,like,9
1383,296,2021-05-06,like,6
826,875,2022-06-18,angry,10
402,634,2022-07-08,wow,1
1013,582,2024-03-09,sad,7
24,742,2021-06-28,sad,8
50,460,2024-01-27,sad,2
1492,451,2025-07-23,angry,7
906,160,2020-07-15,love,9
675,342,2021-03-16,sad,1
497,49,2020-07-16,sad,8
1353,910,2026-02-01,sad,8
1235,676,2021-06-26,sad,7
241,46,2025-06-29,wow,5
283,477,2021-08-14,like,4
1088,415,2021-05-29,love,1
892,927,2023-04-01,love,2
518,550,2023-07-15,like,4
982,829,2022-09-19,like,8
839,162,2020-12-16,wow,8
325,284,2023-04-19,wow,2
1122,909,2020-12-15,angry,10
23,573,2024-08-17,love,8
1175,818,2021-07-03,angry,8
778,700,2023-09-06,sad,2
351,771,2023-10-23,wow,1
774,629,2022-05-02,love,8
190,207,2023-04-04,like,2
336,488,2026-03-24,wow,9
224,954,2023-02-05,like,9
749,54,2025-01-27,like,3
740,657,2023-05-02,like,10
1480,404,2020-09-04,wow,8
616,543,2024-10-02,angry,3
1432,578,2025-09-17,wow,2
67,396,2023-06-26,angry,9
661,845,2024-02-25,wow,2
210,812,2022-09-19,wow,10
587,51,2023-03-29,love,4
1354,510,2025-06-30,wow,8
531,500,2020-07-17,angry,10
608,215,2026-04-27,sad,1
296,917,2021-06-08,love,7
1313,384,2023-09-12,wow,9
893,336,2026-01-15,love,6
144,683,2023-07-16,love,9
885,786,2023-04-15,like,5
308,119,2022-01-31,wow,3
468,942,2024-08-28,wow,4
1030,50,2023-12-15,wow,1
46,999,2023-01-15,love,9
786,608,2026-04-19,like,9
1488,449,2024-04-15,wow,10
771,971,2020-03-03,like,9
1332,550,2023-06-25,sad,7
80,546,2024-12-16,wow,2
1173,288,2023-03-29,angry,3
810,625,2026-02-13,love,4
249,894,2024-07-01,love,4
1143,22,2020-01-08,sad,4
901,414,2023-12-02,love,9
427,628,2021-11-17,love,6
338,636,2022-11-12,love,4
1311,242,2025-03-17,love,4
664,21,2023-12-31,wow,3
1347,907,2024-10-04,angry,10
640,980,2020-06-29,wow,4
1382,561,2023-10-16,sad,7
870,559,2025-12-18,angry,2
450,317,2025-03-31,angry,9
210,226,2020-05-28,angry,7
1283,949,2023-06-04,like,2
483,932,2025-11-12,wow,4
285,424,2026-03-09,angry,9
57,792,2025-11-17,angry,10
1130,648,2024-09-28,wow,6
767,350,2023-12-30,angry,3
427,586,2020-07-16,angry,7
271,713,2022-03-23,like,1
639,815,2025-08-04,love,9
31,105,2023-11-18,angry,1
595,816,2025-05-26,love,10
56,281,2024-01-25,love,9
1209,102,2022-10-31,sad,3
1337,874,2022-10-10,angry,8
1359,486,2020-07-06,like,4
244,434,2025-02-27,wow,2
914,926,2020-05-02,angry,9
1255,437,2025-12-29,angry,5
1031,79,2024-04-21,love,2
270,990,2023-02-05,like,6
504,951,2024-02-08,sad,8
728,912,2022-09-27,angry,7
337,246,2025-05-14,angry,8
650,351,2025-01-09,sad,4
1389,797,2021-04-18,wow,6
1241,649,2022-10-19,wow,3
1330,401,2021-03-23,sad,2
422,321,2021-10-20,love,5
1180,395,2023-05-30,wow,2
294,230,2023-11-12,sad,10
657,787,2020-05-02,love,7
715,359,2023-02-25,like,6
207,23,2022-12-15,love,4
656,760,2021-02-10,wow,7
1330,141,2024-03-13,love,1
548,273,2020-07-17,sad,5
492,297,2022-12-03,sad,3
1478,857,2021-04-23,love,6
1305,581,2021-07-17,wow,9
374,776,2021-09-02,like,7
1078,988,2020-05-20,love,10
817,578,2023-04-29,wow,10
469,299,2024-09-11,angry,3
1015,26,2021-03-04,like,1
522,142,2023-12-06,love,1
1176,480,2026-02-01,love,6
1013,244,2020-09-24,wow,5
324,510,2025-03-21,wow,5
186,251,2020-05-15,wow,1
683,278,2024-05-03,wow,2
200,794,2025-05-03,wow,9
1344,902,2022-10-23,like,6
286,923,2024-08-11,love,8
704,105,2023-12-17,love,6
610,775,2020-03-09,angry,4
1319,50,2021-12-28,wow,2
519,28,2026-02-23,angry,10
1174,492,2022-10-16,angry,4
725,255,2022-01-10,like,3
462,731,2023-10-06,love,6
920,6,2020-05-21,love,8
1139,776,2020-08-20,wow,7
832,795,2020-03-29,sad,10
1489,458,2020-01-20,like,6
1160,434,2026-03-08,sad,4
759,687,2025-02-20,angry,4
454,162,2022-01-12,wow,8
1168,369,2023-07-08,angry,9
672,566,2020-10-06,angry,5
1149,360,2025-11-14,sad,10
711,177,2023-01-11,sad,10
1011,924,2025-04-24,sad,7
1210,13,2020-02-20,wow,3
664,586,2023-11-13,sad,3
1411,390,2022-03-10,sad,5
818,977,2025-11-14,sad,2
331,174,2025-12-12,like,9
1053,847,2021-10-20,angry,10
384,105,2023-04-13,angry,3
340,605,2021-01-15,love,2
177,198,2020-01-02,love,9
1101,492,2023-03-02,angry,4
550,785,2025-05-28,like,5
370,158,2024-07-08,angry,1
159,24,2026-02-08,like,2
1320,506,2022-04-09,like,3
597,21,2022-05-04,sad,3
1317,328,2020-01-07,wow,6
657,896,2023-03-24,angry,9
578,416,2025-03-03,wow,4
43,496,2025-09-22,wow,4
1053,786,2023-02-13,like,5
264,122,2024-09-11,sad,9
112,28,2020-09-12,like,7
170,899,2020-08-03,sad,9
611,358,2022-11-21,love,7
1145,273,2020-12-05,angry,4
1382,745,2025-12-08,angry,6
1203,989,2020-06-22,like,3
785,113,2021-06-16,sad,2
1136,133,2020-11-07,wow,2
146,262,2024-02-09,wow,4
156,559,2026-03-26,like,10
676,468,2025-02-17,angry,1
143,466,2026-01-30,like,3
1262,98,2021-07-19,love,4
1357,286,2026-04-23,sad,2
363,972,2023-07-21,love,9
509,991,2024-11-16,like,2
716,346,2021-03-06,like,6
693,683,2022-04-29,sad,4
517,651,2020-01-05,love,1
1163,165,2024-03-04,love,5
1089,425,2020-09-30,like,7
1348,988,2025-05-22,angry,3
65,250,2022-06-24,like,4
113,345,2024-07-30,sad,9
575,725,2025-01-03,like,7
52,474,2021-03-21,love,10
1468,640,2022-07-02,wow,6
133,418,2024-01-06,like,1
786,677,2024-12-03,like,5
1125,605,2026-01-29,love,10
1390,467,2022-09-18,love,10
1087,167,2025-03-16,wow,9
126,156,2022-07-01,sad,6
244,995,2021-12-22,like,9
387,390,2020-07-07,wow,1
1306,219,2021-08-24,like,7
73,237,2021-09-03,like,2
1470,995,2020-04-08,sad,7
985,934,2023-12-10,love,7
452,11,2021-12-29,angry,8
775,306,2021-09-04,angry,9
458,42,2020-03-27,like,7
139,790,2023-03-01,sad,7
277,534,2023-07-19,sad,10
512,218,2021-12-05,angry,10
911,748,2022-08-25,like,10
297,378,2020-11-25,wow,5
1035,328,2020-07-28,angry,6
1458,651,2025-07-22,love,4
1055,259,2026-04-16,love,9
779,169,2025-10-28,like,4
610,158,2023-02-16,sad,5
588,976,2020-07-23,love,8
843,792,2021-07-14,like,3
1143,393,2022-10-31,like,2
653,474,2025-06-28,love,10
1041,670,2021-01-09,sad,5
1452,875,2024-09-30,sad,3
1106,362,2021-12-26,angry,8
1163,502,2023-08-04,sad,4
1030,168,2023-07-11,angry,8
433,84,2023-12-26,love,10
979,290,2023-01-12,wow,5
792,303,2020-01-20,love,5
1180,84,2025-04-13,angry,4
764,33,2021-04-20,love,2
1331,239,2023-12-13,love,7
738,533,2022-12-06,angry,9
279,538,2024-10-18,wow,1
1131,956,2022-05-16,love,6
104,851,2025-01-13,angry,2
453,177,2023-04-19,like,2
484,724,2024-06-17,angry,2
1434,823,2026-02-07,like,8
665,887,2022-05-15,angry,9
1047,242,2025-03-31,like,5
183,321,2024-10-07,angry,3
420,854,2023-01-05,love,1
525,549,2025-04-07,wow,3
1260,213,2025-02-01,love,6
993,598,2025-01-31,wow,9
558,625,2023-02-15,love,1
865,442,2022-03-01,sad,2
85,716,2022-10-11,love,8
1316,257,2024-05-04,sad,2
1077,636,2024-02-03,love,4
84,820,2020-07-27,sad,5
86,877,2025-10-18,angry,3
875,339,2021-12-10,like,8
1458,694,2025-08-27,love,6
894,398,2026-01-07,angry,10
219,202,2020-01-07,wow,7
388,769,2023-12-29,sad,7
1112,294,2025-02-22,angry,2
1463,566,2022-08-25,love,4
447,516,2023-10-27,wow,7
1295,798,2020-07-21,like,3
155,45,2021-05-27,love,4
91,609,2021-01-18,wow,1
99,269,2025-08-19,wow,6
157,753,2020-02-17,sad,2
440,267,2025-07-04,angry,6
62,458,2024-07-24,love,7
458,253,2020-06-10,love,9
1012,180,2021-06-08,angry,4
874,903,2023-08-21,angry,3
254,69,2026-02-26,wow,1
515,522,2020-10-28,wow,8
873,135,2025-08-21,angry,7
199,391,2024-05-11,wow,10
1306,709,2020-11-18,sad,6
897,457,2020-02-18,sad,2
199,900,2022-07-20,wow,6
1226,539,2024-04-20,love,4
87,86,2021-05-07,sad,4
1351,937,2026-01-21,wow,6
531,370,2023-03-18,wow,9
526,455,2021-05-14,wow,10
1282,94,2022-10-13,sad,6
422,385,2025-10-10,like,8
794,355,2024-02-13,wow,1
1428,636,2020-02-01,like,8
721,420,2023-02-17,love,6
1011,380,2026-01-05,angry,1
114,657,2025-01-27,sad,4
738,529,2020-03-28,like,9
467,993,2023-07-28,like,1
257,557,2020-01-29,wow,8
473,239,2025-12-29,love,2
220,865,2021-11-28,wow,5
372,135,2025-01-31,wow,1
382,845,2020-10-04,angry,10
1366,253,2020-10-08,sad,8
735,554,2024-03-31,angry,10
1347,637,2020-06-25,love,7
137,818,2021-03-22,sad,1
1219,997,2023-10-02,sad,5
853,598,2023-04-16,like,1
1426,868,2026-02-10,angry,10
942,307,2021-03-12,love,3
1397,239,2023-09-09,like,3
1424,827,2021-04-15,love,4
1225,180,2021-10-23,love,9
376,921,2023-01-11,love,6
317,511,2021-06-10,sad,5
1131,978,2021-04-06,wow,3
1389,512,2021-12-18,like,4
69,747,2024-01-24,love,6
939,100,2022-04-30,love,8
250,409,2025-08-20,love,10
1365,415,2021-10-07,wow,4
292,632,2024-09-09,love,10
799,779,2023-02-22,love,4
261,75,2021-01-06,sad,5
1032,291,2021-09-07,wow,9
1392,281,2023-03-16,love,4
1172,727,2021-01-31,sad,9
908,157,2025-06-16,wow,3
878,829,2024-08-14,like,1
1455,428,2026-03-11,love,5
1286,201,2025-11-12,sad,6
852,208,2020-09-07,wow,5
875,221,2021-03-05,wow,7
49,165,2024-09-26,angry,6
1146,458,2024-01-02,love,8
249,564,2022-01-21,like,7
194,169,2022-07-30,sad,8
1034,983,2026-03-07,wow,10
319,357,2024-03-28,angry,8
46,603,2021-11-21,like,2
866,976,2022-03-15,sad,6
563,835,2022-05-16,wow,7
575,524,2023-05-13,wow,9
925,561,2020-10-13,like,6
1164,244,2023-02-08,angry,6
562,194,2020-09-03,wow,10
482,60,2020-12-12,sad,4
1431,183,2021-06-12,sad,1
997,331,2024-01-02,wow,7
102,594,2023-09-21,wow,8
1232,186,2020-07-13,sad,8
6,861,2024-08-14,love,9
515,328,2025-08-16,wow,9
654,211,2021-06-13,sad,6
1462,651,2022-06-01,wow,2
1051,616,2025-12-11,like,9
962,41,2025-10-30,sad,8
490,29,2025-04-14,love,5
918,786,2022-01-05,wow,2
967,291,2020-03-22,wow,5
699,160,2023-08-27,wow,8
1476,823,2022-12-17,like,9
174,928,2021-01-12,sad,3
84,228,2020-06-05,sad,2
154,198,2026-03-16,like,5
1231,101,2025-01-15,love,6
399,508,2023-09-20,sad,4
649,391,2026-03-16,sad,7
256,43,2025-06-14,love,10
85,129,2025-03-26,wow,7
511,366,2023-01-09,angry,5
1322,85,2024-02-17,wow,6
664,827,2021-03-08,wow,1
563,70,2022-07-16,wow,3
1390,902,2024-11-16,like,3
1453,872,2026-01-08,sad,7
442,920,2021-05-13,wow,2
1039,286,2022-03-30,love,2
496,92,2022-11-02,angry,6
1367,163,2021-02-11,angry,6
1049,698,2021-06-05,wow,4
742,450,2024-03-26,angry,10
1464,68,2025-11-06,wow,5
100,338,2025-08-20,angry,8
578,661,2023-07-16,angry,2
125,835,2025-01-16,angry,5
1332,627,2023-03-18,love,1
237,858,2023-08-11,like,4
302,141,2020-09-24,wow,9
1150,389,2021-06-07,sad,1
1029,369,2020-06-24,angry,6
578,768,2022-02-15,wow,10
361,348,2022-03-17,like,8
307,340,2025-09-02,angry,6
772,848,2024-10-15,wow,3
526,933,2024-12-21,angry,2
1498,707,2025-07-05,wow,4
51,209,2020-02-11,wow,7
440,862,2022-03-04,love,8
235,103,2022-04-08,like,4
173,658,2022-01-16,sad,7
1036,832,2022-10-26,sad,6
148,959,2024-04-10,angry,2
1256,546,2022-04-24,like,5
277,977,2022-03-04,wow,1
1075,349,2022-11-17,angry,7
711,499,2023-05-18,wow,6
693,530,2021-05-27,wow,6
1054,446,2023-02-07,love,9
1281,735,2020-11-15,like,5
80,629,2023-11-28,angry,3
64,991,2022-04-16,sad,5
407,214,2020-04-23,wow,5
926,54,2020-03-01,angry,5
994,299,2020-02-07,angry,4
544,107,2022-10-25,wow,10
880,870,2023-04-21,wow,6
1385,442,2023-08-22,like,4
380,780,2024-07-22,angry,10
720,293,2020-12-29,wow,10
1468,955,2022-04-23,angry,8
402,98,2023-07-01,wow,4
1339,773,2025-07-10,sad,3
551,30,2022-02-16,angry,6
919,167,2025-09-01,angry,1
30,344,2022-09-03,like,7
902,770,2022-02-22,wow,10
254,238,2025-06-08,love,4
518,782,2022-05-06,angry,5
377,554,2025-07-23,love,10
562,522,2024-10-13,wow,9
255,48,2023-09-19,like,7
721,671,2020-04-24,like,5
1499,400,2020-12-21,like,2
388,251,2024-07-13,sad,7
82,657,2025-07-13,wow,8
506,162,2020-12-19,love,7
810,739,2022-12-29,wow,6
467,718,2024-10-20,like,2
819,762,2023-10-16,like,2
1478,325,2024-06-02,love,4
429,446,2020-11-02,sad,6
1453,153,2021-10-16,angry,7
598,115,2025-04-04,love,5
969,291,2025-06-07,angry,6
1379,640,2021-06-24,sad,10
1384,84,2025-04-16,love,5
573,261,2022-12-05,angry,7
897,190,2024-10-11,like,4
58,42,2023-04-17,like,9
1168,464,2022-12-06,angry,9
637,167,2022-12-27,wow,10
942,133,2022-05-02,angry,7
447,474,2025-05-07,sad,3
368,15,2024-09-09,wow,7
873,511,2025-03-07,angry,7
432,280,2021-08-13,wow,9
1145,414,2024-01-24,sad,3
226,322,2024-09-15,love,6
1317,486,2020-01-03,angry,10
473,385,2023-06-08,like,3
1461,87,2024-12-01,wow,4
717,925,2026-01-13,love,8
286,238,2023-04-19,like,9
1027,608,2025-12-23,love,3
85,386,2025-09-20,like,8
1289,26,2023-03-26,like,2
230,230,2024-08-30,love,6
1236,731,2021-02-14,love,7
43,80,2023-05-14,wow,5
1425,220,2020-07-09,wow,9
222,506,2021-07-08,angry,4
1286,147,2023-08-24,sad,9
579,292,2025-03-29,love,2
1125,90,2022-07-13,like,3
25,486,2026-01-07,angry,2
464,119,2020-07-28,like,9
514,19,2020-06-26,wow,4
207,337,2022-05-27,love,3
646,43,2026-02-01,wow,6
1302,915,2025-01-16,sad,1
678,933,2021-01-23,wow,5
1379,204,2024-05-31,angry,7
518,466,2020-06-03,angry,1
576,863,2020-09-16,angry,2
513,275,2022-07-18,sad,5
648,153,2020-03-01,like,10
796,113,2022-01-01,wow,3
1076,202,2020-05-25,sad,4
26,200,2024-03-09,wow,1
172,852,2021-07-02,wow,2
1140,119,2023-03-06,like,4
120,837,2020-05-02,love,1
718,614,2020-07-23,sad,9
828,768,2024-09-12,love,5
1339,474,2020-02-13,sad,2
1107,888,2024-04-05,wow,4
601,970,2021-04-26,angry,10
360,146,2020-07-20,sad,6
187,766,2025-11-02,angry,7
767,460,2024-08-09,wow,4
1170,188,2020-09-07,wow,5
197,3,2026-03-10,sad,1
783,361,2020-11-04,wow,6
1464,78,2021-11-06,angry,8
754,649,2022-01-09,like,7
528,961,2024-08-04,like,7
1499,539,2023-07-10,sad,2
499,596,2024-10-08,angry,5
432,882,2023-10-23,love,7
887,779,2020-01-25,like,6
937,334,2021-06-14,sad,1
1279,490,2020-02-03,love,4
1139,62,2021-07-12,like,7
499,640,2022-01-22,wow,4
1310,775,2020-12-25,angry,7
507,133,2021-01-23,angry,6
720,999,2021-03-02,love,7
1142,43,2024-07-29,wow,2
1026,570,2022-06-09,wow,2
1414,949,2021-04-13,like,8
1248,180,2022-12-02,sad,2
663,258,2024-06-02,love,9
1477,145,2022-12-14,angry,7
476,658,2024-05-24,wow,3
1339,601,2021-04-28,angry,5
455,391,2021-11-01,angry,1
1272,890,2026-01-08,sad,4
275,27,2021-08-19,like,8
1481,166,2020-02-18,wow,10
132,212,2020-12-05,love,3
204,108,2023-06-22,like,3
696,485,2021-04-12,sad,5
1401,815,2021-06-23,angry,3
686,254,2024-01-03,wow,9
150,916,2025-09-13,wow,8
266,544,2020-06-21,wow,10
926,569,2020-11-27,like,10
1392,670,2021-03-03,like,8
841,655,2024-06-17,sad,3
39,625,2021-10-14,angry,8
1044,539,2024-04-12,like,4
232,295,2023-05-28,wow,8
654,571,2020-07-12,sad,9
568,994,2024-04-19,love,6
636,631,2023-04-29,angry,10
623,913,2024-03-08,angry,9
119,367,2024-04-10,wow,6
1318,669,2023-10-12,angry,6
174,144,2022-04-04,wow,6
1276,299,2024-07-18,angry,7
347,830,2024-10-18,love,5
307,837,2024-09-14,angry,1
259,522,2022-08-30,sad,10
1286,114,2023-06-29,sad,1
278,815,2021-02-23,wow,6
683,579,2023-02-12,angry,5
671,923,2025-09-08,sad,10
453,841,2020-06-29,wow,8
1280,75,2025-08-10,wow,8
911,517,2022-11-22,wow,3
323,138,2021-10-12,love,10
608,528,2022-09-04,like,3
258,964,2024-10-23,wow,2
1166,827,2024-05-29,sad,6
628,778,2022-01-25,like,5
1215,728,2022-05-31,sad,2
1090,248,2020-10-15,angry,3
923,366,2022-07-30,like,3
807,774,2024-10-05,like,10
309,229,2025-12-28,like,3
525,625,2020-05-03,sad,3
831,716,2023-10-01,wow,5
922,219,2020-02-28,wow,10
184,700,2021-07-21,wow,5
486,213,2020-09-06,angry,6
782,571,2020-04-19,like,7
1239,760,2021-10-05,angry,6
1140,481,2025-12-08,like,4
1282,457,2021-10-21,like,3
295,113,2025-03-28,angry,4
1254,429,2021-11-29,wow,7
665,290,2024-08-29,angry,4
1363,679,2021-03-20,sad,4
934,23,2022-07-23,sad,3
1092,101,2020-02-18,wow,9
495,534,2025-08-22,wow,6
258,152,2024-01-28,wow,10
1490,47,2025-10-24,love,2
856,326,2022-03-10,sad,2
480,276,2021-10-10,sad,10
1427,244,2023-12-07,angry,3
973,733,2020-04-29,angry,6
833,897,2024-07-24,wow,8
1230,536,2022-03-15,sad,1
1216,558,2023-08-30,love,7
328,805,2022-10-22,sad,7
524,883,2022-09-05,wow,2
988,497,2020-07-27,sad,6
891,41,2023-05-21,angry,1
60,598,2024-10-24,angry,7
415,575,2025-01-24,angry,2
1104,595,2026-02-02,angry,3
1484,893,2021-07-26,love,4
506,577,2021-07-12,sad,5
1165,723,2020-12-09,sad,9
347,411,2020-07-05,sad,8
995,720,2022-11-14,sad,4
315,171,2024-03-15,wow,9
539,418,2024-08-11,like,6
569,632,2021-12-24,wow,3
717,119,2022-12-28,love,10
362,355,2024-03-01,sad,7
1467,256,2020-11-10,wow,8
357,831,2022-01-02,sad,9
1461,653,2022-07-05,sad,10
243,887,2022-04-26,like,7
689,988,2021-01-10,love,2
623,474,2024-07-06,like,4
900,543,2024-05-03,love,1
821,135,2025-03-09,wow,6
1379,797,2020-10-01,angry,2
499,677,2025-04-06,love,5
43,408,2024-08-18,love,2
636,179,2023-01-04,wow,5
907,468,2020-04-26,angry,7
444,51,2020-09-04,like,6
96,499,2020-12-09,wow,5
1435,515,2021-01-18,love,10
359,812,2022-04-12,like,10
234,811,2025-06-15,sad,6
1050,545,2024-08-20,sad,7
1331,133,2022-11-17,wow,3
1495,462,2020-09-26,wow,8
385,971,2024-10-18,like,8
240,724,2021-04-23,like,3
763,272,2023-01-02,angry,6
828,634,2023-03-22,love,3
145,354,2020-12-31,like,3
460,490,2026-01-29,wow,9
1374,755,2020-06-03,wow,10
1242,890,2023-12-29,sad,7
1235,656,2023-07-07,love,1
291,868,2020-04-06,like,9
365,698,2020-02-23,angry,10
417,55,2021-05-01,love,7
813,357,2025-12-20,sad,6
377,824,2022-04-01,wow,1
1091,144,2021-10-25,love,6
1394,361,2024-09-19,sad,8
357,527,2022-07-10,wow,10
372,760,2024-12-23,love,4
831,809,2021-09-18,like,9
85,464,2020-04-26,love,3
1233,514,2021-01-23,sad,10
1364,49,2024-04-17,angry,10
483,29,2020-02-27,sad,8
1251,92,2020-04-03,wow,4
1085,223,2020-05-15,sad,1
1168,393,2024-09-26,love,8
1200,449,2025-09-29,angry,10
539,561,2023-06-07,wow,9
1424,355,2023-09-29,wow,9
181,877,2026-04-04,wow,9
1057,200,2024-05-17,like,10
875,822,2022-05-10,love,1
1335,148,2020-12-24,sad,10
1363,318,2022-01-18,wow,5
1108,98,2024-08-09,angry,9
364,678,2022-06-11,wow,10
1085,507,2022-02-15,wow,3
31,700,2022-08-08,like,8
503,145,2026-04-24,angry,3
974,703,2023-01-24,wow,8
217,897,2024-04-11,sad,5
23,151,2025-12-27,like,6
272,601,2021-05-29,love,8
914,313,2022-08-27,sad,1
15,470,2020-06-08,angry,1
279,534,2022-12-27,wow,6
392,681,2022-12-20,like,1
1227,290,2024-04-30,love,5
917,298,2021-01-28,angry,2
272,499,2024-05-11,love,8
449,823,2021-03-14,love,9
643,106,2022-10-02,like,6
886,564,2025-12-24,angry,8
177,561,2026-02-20,like,5
861,680,2020-02-02,like,3
1262,169,2020-07-23,sad,5
1238,836,2025-11-20,angry,8
160,908,2023-12-08,wow,7
384,750,2025-12-29,sad,6
889,437,2022-03-11,like,9
1499,915,2020-09-22,like,10
407,42,2020-07-02,sad,4
384,257,2021-10-08,wow,1
169,247,2024-04-10,like,8
65,694,2022-04-27,love,1
588,386,2020-10-18,love,7
807,5,2022-08-27,sad,6
1025,999,2021-10-16,angry,2
1487,104,2025-07-27,angry,10
1369,519,2021-10-11,angry,3
1492,628,2020-06-29,like,1
458,279,2024-04-26,sad,8
565,243,2025-05-06,love,2
46,180,2025-07-04,sad,9
970,127,2022-06-27,love,5
615,429,2025-10-10,love,8
616,85,2021-09-01,like,10
43,652,2025-04-13,angry,7
1404,898,2026-04-15,love,1
70,333,2023-10-01,sad,1
338,249,2025-09-03,angry,4
904,177,2020-12-18,angry,10
1342,613,2022-07-28,sad,7
1203,893,2022-11-23,sad,7
694,81,2024-09-20,angry,8
526,787,2024-07-05,wow,5
451,980,2021-01-05,sad,6
1424,483,2021-01-25,like,9
1265,436,2023-12-10,love,6
520,336,2024-05-07,love,9
1128,234,2026-02-24,sad,4
900,751,2021-11-20,wow,5
79,282,2022-07-31,like,6
1462,245,2023-06-16,sad,6
370,674,2020-08-15,angry,5
323,651,2025-05-11,sad,7
494,229,2020-04-25,angry,8
1492,503,2022-01-24,like,7
1020,678,2022-10-13,wow,8
767,218,2021-07-12,love,10
178,872,2020-04-23,wow,10
1327,907,2021-02-03,sad,7
1214,870,2021-12-31,angry,2
1171,273,2025-03-12,angry,10
404,474,2020-03-31,angry,8
197,243,2022-06-22,like,4
879,372,2022-06-09,angry,6
1139,389,2020-03-22,angry,8
1454,20,2022-09-25,angry,2
345,459,2023-08-20,love,3
1473,821,2023-06-11,like,5
2,225,2023-08-01,angry,3
779,698,2025-08-31,wow,9
1418,801,2023-11-27,like,5
1472,499,2024-09-27,wow,1
271,909,2022-12-07,like,4
1105,962,2021-12-17,like,4
68,291,2020-09-05,angry,7
1355,107,2022-07-09,sad,3
816,869,2024-10-19,wow,9
213,354,2020-09-01,wow,10
539,593,2023-07-17,sad,3
1436,266,2025-11-19,angry,10
1286,940,2023-03-19,like,2
36,578,2024-09-10,love,5
959,363,2023-09-17,sad,4
862,773,2022-01-13,wow,7
743,844,2023-01-28,sad,1
941,71,2023-11-04,love,1
1397,36,2026-01-24,sad,4
673,10,2020-04-13,like,6
439,302,2023-02-17,angry,5
182,827,2021-11-17,sad,6
980,18,2025-02-07,angry,8
685,188,2021-09-13,wow,5
732,987,2026-04-07,sad,1
108,3,2025-11-20,sad,2
985,187,2020-01-19,sad,3
964,307,2025-08-04,sad,5
1320,228,2024-03-31,angry,6
464,13,2024-09-14,wow,7
1489,289,2025-12-20,angry,3
253,714,2025-10-12,love,1
838,491,2022-02-06,love,8
1473,703,2024-07-16,love,7
995,766,2021-03-08,like,3
897,20,2024-03-10,sad,9
444,916,2021-06-07,angry,1
221,266,2026-01-01,sad,7
541,983,2024-09-19,angry,2
854,96,2022-03-29,love,6
872,436,2022-11-14,wow,6
121,758,2021-09-11,sad,5
993,220,2022-12-02,like,6
29,147,2022-09-08,wow,5
821,697,2023-12-19,sad,1
814,352,2025-04-22,sad,9
302,496,2022-06-29,sad,4
496,606,2024-07-11,like,8
1412,676,2023-07-01,sad,4
223,99,2023-09-13,angry,4
135,143,2020-07-21,love,1
404,331,2020-04-24,like,2
992,538,2022-01-12,sad,7
752,511,2023-12-10,love,2
917,730,2021-02-16,love,3
77,433,2025-10-17,like,3
535,515,2023-10-27,wow,10
1384,233,2021-11-19,angry,5
450,233,2024-01-28,angry,8
1430,743,2020-12-14,sad,3
1147,204,2020-01-29,love,7
947,667,2025-08-13,angry,7
808,226,2021-10-13,wow,6
1341,839,2025-08-27,like,7
1474,776,2024-12-13,love,4
1425,27,2026-02-05,sad,3
555,88,2021-02-18,angry,5
990,422,2025-06-13,like,2
44,683,2025-11-09,wow,7
600,67,2023-11-14,like,2
1349,28,2023-06-10,angry,5
837,516,2025-05-13,sad,3
1235,815,2021-08-05,angry,8
680,932,2026-01-11,like,7
557,411,2024-03-02,love,5
1164,968,2020-04-07,angry,10
587,869,2025-07-27,wow,2
108,263,2020-06-03,wow,2
1474,117,2023-07-20,angry,8
864,787,2024-06-06,angry,2
820,345,2023-09-25,like,1
403,390,2026-03-09,like,10
71,852,2026-03-10,wow,1
1474,124,2020-11-21,angry,6
573,159,2023-10-22,love,3
391,966,2024-03-26,love,2
468,244,2021-08-28,love,2
461,980,2024-05-02,wow,7
1365,62,2025-04-25,love,4
170,420,2022-10-20,love,3
1219,890,2022-06-26,like,7
127,470,2022-11-22,love,7
677,624,2022-02-10,like,10
14,574,2026-01-23,like,7
1333,383,2022-10-14,angry,8
1170,827,2022-01-07,like,4
9,724,2025-12-29,wow,6
277,139,2024-06-12,love,9
645,249,2021-12-07,love,4
760,133,2025-07-23,like,10
546,379,2021-08-26,love,2
104,836,2024-03-01,angry,3
16,497,2023-10-30,sad,10
440,406,2024-10-01,angry,8
438,754,2023-06-02,like,1
744,20,2020-07-21,wow,4
101,628,2022-01-27,like,8
1139,530,2026-01-07,sad,7
133,145,2021-07-06,angry,10
609,337,2023-03-12,wow,6
1129,167,2022-01-29,love,3
1050,64,2023-10-10,sad,7
111,898,2023-04-20,like,3
491,505,2022-01-20,like,1
1153,206,2026-01-24,like,2
1139,63,2021-08-12,sad,3
24,240,2021-11-18,wow,3
1280,756,2020-01-25,wow,3
50,488,2020-12-06,sad,7
467,855,2024-09-07,wow,7
1425,404,2020-03-19,sad,5
661,262,2025-10-06,love,2
1341,596,2024-05-07,like,9
657,522,2022-03-10,angry,3
1179,392,2020-07-25,love,4
216,582,2021-10-14,wow,1
1017,317,2021-02-23,like,5
273,884,2023-05-18,sad,4
893,280,2024-12-21,angry,3
1445,537,2020-06-19,angry,1
891,662,2023-03-14,love,5
1332,558,2024-11-04,love,10
1122,498,2020-11-03,like,6
454,858,2023-05-24,angry,5
1085,772,2023-09-16,wow,9
873,151,2026-03-02,sad,5
1368,96,2020-08-24,wow,7
613,959,2022-02-04,sad,10
721,112,2021-12-12,angry,10
323,299,2022-07-11,angry,10
300,840,2023-06-21,like,6
1141,151,2021-09-23,wow,10
233,704,2022-03-27,angry,5
1483,518,2020-10-21,wow,4
1025,447,2020-05-26,like,6
736,555,2024-11-22,love,7
117,138,2022-12-22,like,4
395,784,2020-02-16,like,7
1286,298,2022-09-17,angry,7
1492,105,2022-07-02,like,10
886,629,2020-12-18,like,1
1413,109,2020-07-03,like,8
512,138,2024-07-13,love,10
477,808,2025-12-31,love,9
762,138,2021-03-08,sad,7
270,627,2025-01-26,sad,3
1363,330,2020-09-26,like,9
976,160,2021-08-07,angry,7
1139,55,2022-06-21,angry,1
1039,69,2024-02-10,like,6
466,705,2020-08-15,wow,1
279,564,2024-01-20,sad,3
263,619,2026-02-02,wow,8
1329,860,2022-12-27,like,10
616,492,2024-07-02,angry,2
1258,471,2025-09-19,love,5
801,944,2024-02-04,sad,8
762,865,2022-05-19,angry,5
617,381,2020-01-08,sad,10
270,762,2022-10-25,angry,4
1225,512,2025-10-30,love,3
466,872,2023-06-24,sad,1
132,378,2024-05-23,like,4
10,104,2024-04-25,angry,3
678,537,2022-03-17,like,6
516,109,2024-12-25,like,7
1165,553,2023-10-19,love,8
1166,188,2025-07-05,sad,6
1025,374,2023-11-02,like,4
959,204,2022-01-12,angry,8
1252,33,2023-04-16,love,9
1324,324,2025-05-31,love,7
303,352,2024-02-10,angry,4
578,706,2024-11-20,love,9
436,32,2020-03-02,wow,9
846,757,2022-04-28,like,4
934,619,2023-08-07,angry,9
1373,846,2023-05-13,love,6
813,635,2021-08-07,love,8
1009,383,2024-06-17,wow,1
869,274,2025-04-27,wow,7
395,422,2025-10-30,angry,7
78,895,2024-12-10,like,3
909,364,2025-08-04,sad,4
1417,733,2023-09-19,wow,1
1125,976,2020-12-01,sad,7
566,268,2020-02-21,love,4
626,576,2020-09-19,like,1
694,60,2025-10-02,like,6
180,46,2025-04-20,love,6
952,574,2023-10-28,love,1
1370,929,2022-09-07,love,1
198,134,2024-01-31,like,3
432,834,2024-11-20,love,9
113,54,2020-07-24,angry,4
137,69,2025-06-04,wow,7
1456,292,2025-03-26,wow,3
1069,481,2020-07-27,like,7
210,344,2020-10-16,wow,6
340,738,2021-08-10,angry,4
54,727,2020-02-17,sad,5
1335,11,2021-04-05,angry,10
270,818,2020-10-19,love,2
1053,864,2023-10-11,like,2
866,872,2020-09-30,like,8
303,859,2021-05-07,like,7
144,344,2022-10-27,love,4
233,209,2020-07-01,wow,7
1064,697,2020-09-03,wow,10
258,763,2022-09-12,wow,4
1489,868,2025-09-17,wow,7
1229,490,2025-10-10,wow,9
267,223,2022-04-25,wow,1
971,259,2022-05-02,love,2
23,338,2026-02-11,like,1
235,252,2025-09-29,like,1
1458,55,2023-06-22,love,8
938,587,2021-06-14,wow,6
974,16,2025-09-12,like,3
196,42,2025-11-25,wow,10
1018,791,2025-05-01,sad,4
1327,588,2026-03-14,like,9
650,116,2020-08-24,sad,6
854,71,2022-01-14,wow,10
1004,779,2020-03-25,wow,4
214,987,2021-09-12,like,6
981,348,2023-03-16,sad,3
1226,946,2025-11-06,sad,4
514,458,2020-03-23,love,6
1417,291,2021-11-30,like,5
1008,465,2021-04-09,like,1
1455,827,2023-05-14,wow,8
87,753,2021-05-31,sad,7
908,388,2024-09-06,angry,5
1032,215,2022-06-11,love,4
708,174,2021-09-15,sad,3
559,253,2022-02-07,love,1
826,888,2020-06-05,like,1
259,379,2024-10-06,wow,4
1431,178,2024-11-08,angry,4
695,646,2024-11-26,like,5
298,170,2025-05-14,angry,4
658,738,2024-05-17,love,8
1012,830,2022-05-05,wow,9
295,320,2023-03-27,love,3
1111,813,2022-01-23,love,6
825,164,2025-08-03,angry,1
928,282,2024-05-14,like,9
504,335,2021-05-03,love,4
1169,881,2021-04-24,like,9
1268,704,2022-12-19,love,2
1273,529,2024-06-22,angry,4
849,831,2024-02-21,love,3
191,904,2022-10-24,angry,9
174,953,2021-03-18,angry,2
1,96,2025-05-27,wow,10
871,943,2023-05-12,like,7
942,345,2025-03-06,love,5
211,36,2021-02-25,angry,4
102,440,2021-02-03,love,2
476,651,2025-10-17,sad,4
54,150,2021-10-14,wow,10
1051,897,2024-08-27,love,8
427,749,2021-12-27,like,2
76,440,2022-03-04,wow,7
1395,762,2020-08-24,angry,9
184,910,2023-07-29,sad,7
50,991,2024-10-14,like,10
1029,293,2024-12-07,angry,9
227,483,2020-11-21,angry,9
1057,746,2022-06-11,angry,9
529,762,2026-01-11,wow,2
212,319,2024-08-02,sad,10
18,993,2025-08-19,wow,2
1229,153,2025-12-22,angry,10
327,785,2022-11-11,sad,2
1172,759,2024-03-19,angry,2
466,847,2022-05-04,like,3
1418,882,2023-02-23,like,9
1082,196,2024-11-25,angry,3
1109,129,2022-04-04,wow,3
981,445,2020-08-06,sad,10
1452,681,2023-12-16,like,3
233,117,2021-07-20,angry,9
213,17,2022-05-08,sad,4
926,722,2025-09-28,wow,4
436,900,2022-07-26,sad,7
1056,520,2023-03-27,sad,5
137,293,2024-03-07,love,4
770,319,2022-12-22,angry,5
353,496,2024-07-25,like,10
1191,983,2026-03-09,love,3
1014,198,2024-03-17,angry,4
20,594,2021-03-15,love,9
1409,670,2024-02-01,sad,9
81,396,2021-08-08,angry,7
253,244,2026-03-11,like,10
758,85,2023-06-10,like,9
65,85,2022-12-23,sad,6
559,58,2024-03-04,angry,10
1242,551,2022-12-12,wow,4
134,888,2020-05-10,angry,8
818,712,2026-03-20,love,8
180,190,2020-02-09,like,1
1060,625,2025-05-11,like,9
1381,645,2020-01-12,wow,6
1014,721,2020-12-15,angry,5
142,754,2025-11-04,like,9
1371,179,2025-09-21,sad,3
1497,586,2021-03-19,sad,4
616,636,2021-04-18,angry,3
272,772,2024-03-08,love,1
1430,666,2022-12-10,love,8
520,14,2022-09-20,sad,5
184,695,2024-12-01,love,8
400,629,2024-07-10,angry,4
1311,659,2023-06-10,sad,10
609,751,2025-11-17,sad,1
593,185,2025-12-05,angry,2
931,802,2021-09-10,love,5
869,692,2025-10-01,like,1
1241,770,2022-10-29,love,7
1082,310,2020-12-04,like,6
854,382,2024-11-28,angry,6
22,364,2025-04-24,angry,5
1000,617,2020-02-19,love,8
204,118,2024-04-22,like,8
851,580,2022-11-03,like,6
1353,432,2023-08-07,sad,1
21,683,2020-05-29,angry,9
1460,151,2023-04-11,wow,8
794,729,2022-12-21,sad,4
214,755,2024-09-29,like,5
835,844,2024-10-02,wow,3
755,318,2026-04-21,love,4
1436,895,2024-06-22,like,9
4,340,2022-05-29,angry,6
10,420,2023-03-23,angry,4
1206,641,2021-10-22,angry,5
1068,986,2024-08-17,angry,10
944,892,2025-01-01,sad,5
50,782,2024-09-10,like,7
42,796,2022-04-20,love,10
1047,247,2025-11-24,like,6
1245,973,2020-06-14,sad,7
101,138,2025-01-28,like,4
590,524,2023-06-16,love,5
774,183,2024-01-12,angry,7
209,662,2021-05-13,love,2
493,116,2026-04-05,love,5
815,970,2025-05-29,sad,2
424,534,2020-06-07,like,3
322,577,2023-09-27,sad,6
882,695,2020-06-14,like,1
1145,256,2025-05-26,like,4
1247,19,2024-08-04,like,10
303,383,2020-02-10,love,5
1332,156,2024-11-18,wow,1
1015,266,2023-12-23,wow,10
564,356,2024-10-31,like,5
1102,73,2024-09-08,wow,5
835,456,2021-04-30,wow,4
917,490,2025-04-07,sad,6
352,450,2021-07-22,sad,5
581,92,2025-09-22,like,6
985,326,2023-06-07,like,3
695,657,2022-12-11,wow,9
587,930,2022-02-28,wow,10
412,86,2026-03-20,sad,10
506,363,2025-10-01,wow,9
91,714,2023-11-02,angry,5
1363,47,2024-01-20,love,6
108,600,2023-12-05,sad,1
1016,756,2024-03-14,sad,7
1307,801,2021-07-02,wow,3
598,167,2025-03-24,love,4
507,131,2022-06-19,love,1
237,140,2022-03-14,angry,7
1352,439,2022-05-30,angry,4
965,911,2020-05-07,sad,7
188,49,2020-01-12,wow,6
60,772,2023-08-26,like,7
1486,603,2021-01-03,sad,7
1107,695,2026-03-14,sad,7
61,632,2023-04-11,like,10
146,808,2020-07-12,sad,3
922,143,2022-10-09,like,4
850,736,2023-12-28,like,9
728,474,2024-11-11,wow,3
1439,986,2023-08-20,sad,4
1246,366,2024-03-08,sad,10
1023,195,2023-07-03,wow,8
749,224,2025-06-14,wow,9
470,551,2020-07-01,love,5
666,92,2024-11-30,angry,1
229,145,2022-12-11,love,9
1407,595,2022-11-25,love,7
1121,481,2025-08-14,angry,10
1317,12,2022-04-14,like,10
1031,229,2022-05-23,like,6
671,174,2025-03-03,love,9
976,953,2022-02-06,love,3
122,167,2023-11-30,sad,2
505,803,2023-12-03,wow,3
1024,527,2020-07-10,like,10
630,20,2025-08-09,angry,8
872,492,2020-06-17,angry,7
1063,234,2022-12-02,like,1
660,435,2024-02-05,love,3
562,911,2024-02-17,angry,7
528,129,2023-02-06,like,10
179,684,2022-04-29,love,9
54,317,2025-08-20,angry,2
1137,685,2024-03-27,wow,8
176,953,2022-09-25,like,10
8,307,2022-01-06,sad,10
527,373,2023-03-20,like,2
427,22,2022-05-31,angry,5
1407,966,2024-02-03,like,2
644,811,2020-06-09,like,1
992,293,2021-10-17,wow,10
34,863,2022-07-27,sad,5
919,818,2021-07-05,wow,5
594,866,2024-09-25,love,5
341,34,2023-12-17,wow,8
1107,21,2024-08-06,sad,2
1132,950,2025-01-13,angry,10
1362,834,2023-11-09,sad,1
473,436,2020-09-22,like,6
57,475,2023-07-20,like,4
1050,663,2020-08-01,wow,8
538,743,2025-01-17,love,9
424,738,2023-07-02,like,10
404,561,2025-02-22,love,7
425,932,2020-06-19,sad,9
300,80,2024-10-19,like,2
1056,298,2024-09-29,angry,7
898,729,2020-10-26,sad,2
1339,952,2023-11-30,love,6
192,195,2025-12-08,angry,1
661,590,2024-05-17,wow,10
1205,649,2020-11-19,love,8
837,628,2024-03-31,sad,2
552,868,2021-10-02,wow,1
368,262,2022-04-16,like,9
1217,116,2026-04-02,sad,5
665,968,2025-08-29,like,10
1189,580,2025-10-07,like,5
325,171,2021-06-01,love,10
494,985,2021-12-23,love,4
368,860,2021-03-29,angry,4
752,281,2025-01-26,angry,1
865,213,2021-12-04,love,2
789,248,2023-07-17,angry,10
513,595,2021-05-18,like,8
1421,903,2025-11-13,angry,10
968,959,2023-07-04,sad,1
471,665,2021-06-06,wow,3
1418,369,2024-03-10,angry,2
76,978,2024-01-25,love,3
150,305,2025-10-27,wow,4
808,584,2024-05-27,love,3
247,122,2024-02-04,love,2
1199,54,2021-08-30,love,3
81,221,2025-08-15,angry,6
1100,248,2021-11-27,angry,8
863,244,2023-10-08,like,7
716,819,2022-09-15,angry,1
1234,394,2026-01-09,wow,1
720,434,2022-12-02,love,4
1419,164,2025-06-08,wow,6
874,352,2022-12-06,like,10
1380,74,2025-06-01,love,1
520,169,2023-02-13,sad,1
107,623,2024-09-05,wow,4
609,488,2020-04-27,like,8
1271,624,2023-01-29,angry,2
636,619,2023-10-25,like,3
1010,241,2020-09-24,angry,3
1092,488,2024-08-22,sad,10
730,640,2020-12-12,like,9
1220,692,2024-12-15,like,6
161,684,2022-01-21,like,3
1248,550,2022-04-09,sad,4
756,471,2022-01-19,wow,3
932,464,2021-11-20,wow,8
765,159,2022-02-07,wow,1
1294,146,2022-09-16,love,3
665,349,2026-04-19,sad,7
1362,679,2023-07-31,like,6
875,34,2023-11-22,sad,5
1488,628,2023-04-11,angry,5
119,923,2024-01-30,wow,4
496,86,2020-01-14,like,4
1315,350,2025-11-12,love,2
771,40,2021-12-28,love,10
1253,141,2024-07-04,love,7
1010,462,2021-06-29,angry,1
517,655,2020-10-05,sad,8
558,431,2023-10-09,angry,5
460,689,2020-10-12,angry,2
1285,998,2025-05-01,angry,3
310,266,2025-04-21,sad,8
1001,756,2021-04-30,sad,4
773,20,2023-11-06,sad,3
1294,465,2024-05-25,angry,7
466,483,2024-09-24,love,6
1482,107,2021-01-20,like,1
1378,67,2024-05-29,love,7
834,385,2021-11-07,wow,1
230,75,2026-04-12,wow,2
42,184,2022-02-18,angry,9
350,160,2024-05-15,sad,1
670,321,2024-06-24,like,7
705,577,2020-10-21,sad,5
869,304,2020-10-10,wow,2
591,67,2020-10-30,sad,3
1251,787,2025-08-04,wow,10
1154,483,2022-09-15,sad,3
197,428,2021-08-12,angry,3
414,91,2021-01-29,love,3
495,976,2025-12-18,sad,5
1357,765,2024-04-16,angry,5
769,15,2021-08-22,wow,8
54,937,2023-08-26,wow,5
158,692,2020-01-13,love,2
757,145,2021-07-19,like,6
968,974,2025-07-28,love,4
1367,381,2022-11-18,love,10
761,427,2024-11-01,angry,1
1093,176,2023-06-28,angry,7
695,105,2024-06-16,like,3
166,79,2022-05-30,love,1
583,138,2023-02-27,love,8
1300,131,2025-08-17,wow,5
391,776,2020-12-24,like,7
473,482,2026-04-06,like,5
1058,60,2021-01-08,sad,2
767,992,2024-09-13,angry,2
396,595,2024-09-01,wow,3
196,907,2023-05-22,angry,7
259,536,2020-07-08,love,6
1228,107,2020-11-17,like,1
587,516,2024-01-03,love,7
1118,542,2025-07-10,wow,1
339,986,2021-02-06,angry,3
1051,523,2026-01-06,sad,6
392,31,2024-07-21,wow,6
1104,61,2025-09-18,like,4
1480,570,2022-01-04,wow,7
166,385,2021-07-27,like,7
1013,934,2020-03-22,sad,10
645,707,2024-10-16,wow,3
1419,913,2021-10-13,sad,8
1412,304,2020-10-01,angry,2
337,950,2022-05-01,like,9
480,858,2022-04-05,angry,9
1324,294,2025-06-03,love,7
755,688,2021-02-26,sad,10
1469,902,2025-04-02,angry,9
223,513,2023-01-04,like,1
1042,725,2024-04-07,love,1
1076,93,2023-02-13,angry,2
1310,976,2023-08-10,angry,3
218,711,2025-07-21,angry,5
587,33,2023-04-07,angry,4
520,495,2021-12-09,sad,9
795,286,2021-02-01,sad,8
885,202,2022-10-25,sad,5
1377,679,2020-09-12,love,2
1494,555,2025-01-09,like,9
995,990,2023-09-08,angry,8
895,115,2022-06-15,like,5
1402,370,2020-06-17,sad,7
1394,718,2022-04-04,angry,7
292,988,2023-04-03,wow,6
968,54,2023-10-26,angry,5
580,104,2024-08-05,love,7
1359,438,2022-05-28,angry,3
785,84,2026-01-28,angry,3
890,358,2023-12-12,love,7
537,489,2021-09-22,wow,1
81,284,2022-11-15,sad,3
1105,293,2024-02-06,sad,4
137,935,2024-02-03,angry,4
383,195,2025-07-31,love,9
1405,207,2025-09-21,like,3
1303,978,2025-05-29,angry,1
60,497,2023-01-22,like,6
1262,758,2020-10-26,angry,1
333,895,2020-02-09,wow,1
241,834,2025-06-20,like,6
155,675,2021-08-01,angry,4
1114,937,2025-10-11,sad,5
1320,45,2020-11-20,wow,9
1454,348,2025-06-25,love,8
105,253,2020-06-25,wow,4
151,727,2022-07-08,like,9
1074,144,2022-09-06,love,1
421,391,2026-02-12,sad,3
1113,976,2023-10-07,like,6
632,757,2022-12-22,angry,2
508,718,2022-03-31,angry,4
691,49,2026-03-16,like,3
1345,832,2025-12-30,wow,6
1085,410,2023-05-25,wow,10
875,335,2020-12-21,angry,5
333,55,2021-10-01,angry,6
168,925,2025-03-21,like,5
676,754,2024-03-02,sad,10
449,855,2026-03-20,like,2
1430,394,2020-03-27,like,2
104,201,2020-02-18,like,1
1270,495,2021-09-03,angry,3
967,181,2025-02-17,love,4
1223,323,2022-03-08,love,1
592,300,2022-11-29,sad,8
469,917,2024-01-31,angry,4
521,953,2023-05-14,love,6
816,864,2024-12-15,like,2
354,194,2022-07-28,love,5
438,81,2023-03-17,sad,4
404,902,2025-02-24,angry,4
1317,855,2025-09-19,love,6
633,111,2022-06-04,like,10
404,873,2024-04-16,wow,2
142,795,2020-09-07,angry,8
430,320,2022-05-05,wow,2
944,79,2025-12-09,angry,10
956,48,2020-12-12,like,4
39,492,2025-12-26,angry,6
717,26,2023-10-27,love,8
619,104,2022-08-03,angry,2
852,82,2021-06-05,sad,2
963,752,2021-07-16,angry,4
575,946,2022-05-05,love,9
1171,160,2021-12-28,wow,10
405,669,2022-05-01,like,2
842,42,2023-11-26,like,6
447,786,2025-04-05,love,8
483,923,2020-08-22,like,4
60,128,2022-07-07,wow,9
1395,971,2024-06-30,love,9
1448,995,2020-04-17,like,2
85,920,2022-03-31,angry,1
1440,862,2021-10-13,love,7
1267,451,2021-03-28,sad,5
663,823,2022-07-16,angry,8
837,192,2024-01-12,love,8
617,157,2026-04-22,wow,9
488,56,2025-12-21,sad,8
1052,189,2020-07-23,angry,2
286,235,2024-07-29,angry,10
48,813,2022-06-13,like,9
897,513,2022-11-08,wow,4
489,975,2020-01-19,love,9
219,544,2020-05-01,wow,9
1490,431,2024-05-24,love,7
616,814,2024-11-28,like,1
588,308,2023-12-24,sad,6
281,570,2025-07-28,sad,7
1142,839,2023-03-17,angry,2
1479,877,2020-06-30,wow,7
484,337,2024-06-03,sad,1
303,335,2024-08-10,like,4
701,550,2020-06-22,love,10
472,552,2022-06-07,like,1
455,795,2025-01-29,sad,10
415,129,2021-01-09,sad,8
1284,488,2026-01-14,love,9
650,347,2025-09-07,like,7
896,325,2020-04-11,like,5
298,358,2022-07-24,love,7
526,511,2022-08-07,like,3
918,74,2024-04-11,wow,5
194,22,2025-10-24,sad,7
162,718,2023-12-02,love,4
913,840,2024-11-14,like,10
1013,527,2022-09-10,wow,9
133,478,2025-05-31,sad,5
931,797,2021-03-05,sad,6
1369,997,2020-09-13,wow,1
1239,444,2025-12-02,like,9
1331,432,2022-02-23,love,10
53,813,2022-11-15,sad,10
1453,756,2022-03-08,wow,5
1241,795,2020-07-17,wow,5
1100,405,2025-12-11,angry,5
825,600,2026-01-07,like,6
23,514,2020-10-16,like,5
610,332,2021-08-10,love,1
1172,997,2020-03-16,wow,2
847,210,2024-04-20,wow,4
1313,551,2026-01-17,love,4
928,200,2021-06-04,love,9
687,904,2021-08-17,like,9
778,169,2024-07-16,sad,7
60,831,2022-08-29,love,2
59,140,2024-07-23,love,5
975,734,2024-09-10,love,2
233,886,2024-11-26,love,5
203,102,2024-06-07,angry,3
885,977,2026-03-16,love,5
638,523,2021-01-07,wow,4
879,964,2026-02-07,wow,1
1133,505,2023-03-07,like,6
284,108,2024-06-26,wow,7
234,206,2022-01-28,like,2
743,792,2020-01-16,angry,6
1241,108,2021-01-24,like,9
1013,871,2025-03-21,like,7
885,578,2021-02-09,angry,3
765,684,2022-10-01,like,2
567,848,2022-09-10,like,4
197,973,2020-07-05,like,3
296,307,2020-05-28,wow,8
736,982,2023-03-22,wow,1
1247,842,2022-02-20,wow,9
524,341,2022-12-02,like,8
503,30,2021-01-16,angry,3
1101,144,2025-09-18,wow,5
238,415,2020-01-10,love,7
383,111,2020-05-09,wow,5
590,757,2020-09-30,like,2
1310,619,2023-04-23,like,9
718,42,2020-09-27,love,7
759,301,2024-10-29,like,10
1360,960,2025-02-16,sad,2
1446,924,2021-07-27,sad,8
585,625,2024-10-14,like,3
237,118,2020-04-17,wow,6
1001,473,2026-03-27,like,5
176,327,2025-05-09,angry,1
894,798,2022-09-21,sad,7
1361,846,2020-08-18,angry,8
813,849,2025-05-12,wow,3
1237,28,2022-04-28,wow,4
880,766,2022-06-06,like,5
685,270,2021-11-30,wow,7
1142,875,2024-05-06,like,10
980,609,2022-07-10,angry,5
408,385,2025-11-09,angry,5
782,502,2022-06-07,sad,5
639,366,2022-01-30,like,8
242,550,2024-04-07,sad,6
1480,471,2024-03-28,angry,5
1051,671,2024-11-05,wow,8
1256,353,2020-06-05,like,6
671,949,2020-08-20,like,3
52,410,2022-03-24,like,6
923,224,2025-05-09,wow,3
534,985,2023-01-28,wow,2
1127,799,2023-05-21,angry,8
341,935,2023-01-28,love,4
332,203,2025-12-21,angry,9
777,241,2020-05-23,like,3
751,191,2026-02-08,sad,1
1106,342,2025-03-08,wow,9
407,553,2025-03-01,sad,3
1134,675,2024-06-25,like,10
234,511,2025-02-05,sad,3
1420,740,2023-01-12,love,3
819,257,2022-01-13,sad,10
692,35,2024-04-25,wow,8
1029,816,2024-05-24,like,5
756,772,2022-10-29,angry,3
825,222,2023-01-19,love,5
768,830,2026-03-26,love,3
1463,615,2022-09-16,like,8
907,957,2020-01-11,love,7
1430,780,2022-09-27,wow,8
764,932,2022-06-03,love,8
349,591,2026-03-16,sad,2
1254,417,2023-07-03,like,9
1320,505,2020-05-16,angry,5
1121,643,2025-04-22,love,9
1198,5,2025-05-30,like,4
1148,650,2024-11-27,like,2
1085,406,2022-09-10,angry,8
1149,512,2025-06-26,sad,10
191,547,2021-08-09,love,3
157,987,2025-08-22,angry,6
1460,465,2022-02-13,like,2
1037,717,2022-04-23,wow,3
840,550,2021-05-24,like,2
1352,634,2023-09-30,like,4
986,289,2021-06-19,sad,2
772,364,2023-10-07,wow,10
1462,50,2022-02-05,angry,7
100,864,2025-02-21,wow,3
262,418,2020-01-22,like,8
164,361,2025-05-14,wow,3
132,807,2022-01-29,wow,7
1329,756,2021-05-12,like,2
737,585,2021-01-19,wow,7
439,626,2025-12-25,love,2
709,154,2025-06-13,wow,1
1363,607,2025-04-25,like,7
519,276,2025-12-09,wow,1
1394,418,2024-12-09,angry,9
1014,823,2020-02-26,angry,4
1319,753,2022-01-24,angry,4
1049,573,2025-03-30,like,5
509,84,2021-02-14,angry,6
655,58,2026-03-12,angry,6
385,940,2024-05-20,love,1
992,556,2023-01-22,like,8
210,483,2021-08-18,angry,10
509,421,2021-05-28,sad,1
931,231,2021-10-22,like,10
242,222,2025-04-19,sad,9
36,840,2020-04-02,like,6
55,615,2025-07-21,wow,7
120,299,2020-12-25,like,10
1251,814,2020-09-05,wow,3
139,277,2025-11-21,angry,6
315,365,2021-01-06,angry,9
598,832,2021-05-22,sad,8
971,623,2021-10-28,love,10
440,233,2025-01-03,angry,9
489,202,2020-07-14,like,10
800,970,2021-02-18,wow,3
255,771,2021-01-10,wow,3
763,792,2024-03-15,angry,5
1471,803,2024-04-10,love,2
846,975,2024-08-11,like,1
1252,726,2020-09-26,like,1
478,46,2022-06-14,angry,4
63,527,2022-05-06,wow,6
1115,999,2026-01-27,wow,4
515,499,2022-05-22,love,3
1352,442,2025-02-21,like,7
893,5,2022-09-16,sad,7
997,812,2021-12-15,love,4
1266,380,2021-01-13,angry,4
1491,565,2023-09-27,angry,4
818,363,2023-10-26,sad,8
405,797,2020-12-08,wow,5
1005,584,2021-04-20,love,7
868,589,2021-01-05,sad,10
714,946,2020-09-30,wow,8
1408,40,2021-08-12,sad,2
297,576,2024-07-03,love,8
959,550,2021-01-01,angry,7
1397,879,2022-03-26,angry,3
324,769,2026-04-11,like,10
417,573,2024-05-12,wow,5
1018,529,2020-08-28,like,2
849,683,2020-10-01,love,3
729,148,2025-10-20,love,8
887,3,2026-01-06,wow,10
720,146,2022-11-29,love,5
635,87,2024-06-09,like,9
540,310,2023-12-06,sad,7
1064,369,2020-02-17,like,7
1177,919,2022-12-19,love,7
1464,232,2024-08-24,wow,2
210,728,2025-09-18,love,5
345,904,2020-11-22,love,10
1397,431,2025-03-16,love,3
838,503,2020-06-24,wow,4
1248,2,2020-01-22,like,9
1462,88,2022-11-29,sad,4
1055,24,2025-05-31,sad,9
354,988,2021-03-18,angry,7
310,715,2020-02-18,angry,7
645,533,2024-05-08,love,7
989,509,2020-04-01,sad,1
1227,226,2022-10-18,angry,7
999,411,2020-12-16,sad,10
538,132,2020-04-07,love,8
749,35,2021-11-16,sad,7
242,134,2025-05-19,love,2
1289,391,2020-02-08,wow,3
157,135,2021-03-22,sad,5
998,191,2025-05-19,wow,5
1319,6,2025-01-10,wow,3
908,196,2023-06-17,angry,4
1260,548,2020-02-19,like,6
200,871,2020-09-11,like,7
119,913,2024-01-07,like,4
918,746,2023-11-29,like,5
1178,217,2025-12-19,angry,5
1041,215,2023-04-15,love,4
720,881,2022-09-08,sad,1
1203,755,2024-06-19,love,1
905,876,2022-03-15,sad,2
13,367,2025-03-16,sad,4
921,254,2021-02-21,love,2
1040,29,2025-06-09,like,7
42,342,2021-05-27,angry,10
60,374,2020-12-29,wow,5
1097,167,2021-05-18,angry,9
276,320,2024-12-23,angry,4
938,507,2025-01-02,wow,8
659,961,2025-07-10,sad,1
335,374,2023-09-18,like,9
723,438,2026-01-27,like,9
535,43,2023-11-26,sad,3
1047,693,2021-01-21,sad,6
73,871,2021-11-15,like,7
249,587,2022-04-02,like,6
718,142,2020-02-26,sad,7
454,150,2022-05-31,angry,4
1199,975,2022-11-08,like,1
471,85,2020-12-17,like,3
543,967,2025-07-15,like,10
1217,825,2021-08-19,wow,9
733,47,2024-03-17,like,4
46,236,2021-05-30,like,10
159,943,2022-07-19,like,8
1437,601,2024-08-21,love,1
106,937,2023-06-13,sad,9
1143,56,2022-09-22,like,10
1198,911,2023-10-09,like,9
67,773,2022-01-12,sad,4
1022,594,2025-02-11,wow,3
1048,138,2022-03-15,love,4
538,362,2023-06-21,love,3
1314,385,2023-04-26,like,9
539,86,2025-12-31,wow,1
1074,509,2022-05-09,like,8
728,551,2020-08-15,like,1
1136,177,2021-08-25,angry,3
1425,899,2025-07-09,angry,4
1319,506,2020-07-19,like,8
346,566,2025-07-09,wow,4
1086,423,2021-08-19,wow,5
418,760,2022-10-11,sad,1
1434,753,2022-07-29,love,3
964,383,2020-05-11,love,1
1402,316,2023-03-25,wow,3
324,148,2024-07-15,angry,3
1234,971,2020-06-25,sad,10
1263,585,2025-03-11,angry,10
767,300,2022-04-23,sad,2
571,96,2021-11-09,wow,7
198,135,2025-06-12,wow,10
572,609,2025-05-04,like,8
497,961,2022-01-18,love,9
1392,587,2020-05-21,wow,9
1070,985,2022-03-03,like,2
1053,199,2021-12-31,like,4
441,665,2020-10-06,sad,7
289,433,2022-06-21,love,8
1225,837,2025-12-30,wow,8
460,771,2025-08-12,love,8
1014,610,2024-11-14,like,5
387,916,2025-03-23,sad,7
1359,574,2023-02-04,wow,6
1049,539,2021-03-12,sad,1
961,75,2023-11-15,sad,2
1435,288,2021-12-04,wow,5
8,980,2024-02-19,sad,1
441,127,2021-03-29,sad,5
1222,871,2023-12-25,love,2
916,767,2024-01-02,sad,7
215,163,2026-02-14,like,3
168,976,2024-11-07,love,5
1268,376,2023-12-17,angry,8
25,653,2021-05-02,angry,9
171,764,2025-10-28,sad,6
1146,91,2024-12-02,angry,5
908,482,2023-10-07,like,10
919,800,2021-03-21,like,4
1442,810,2025-06-04,angry,5
523,720,2024-04-19,love,5
415,132,2020-07-09,love,7
85,178,2026-01-14,angry,10
184,96,2025-07-17,love,9
603,640,2021-12-15,sad,4
1271,89,2022-07-01,angry,5
1009,897,2020-03-30,sad,2
779,303,2023-10-03,love,7
1408,380,2021-03-02,like,9
396,428,2025-10-06,sad,4
815,236,2024-01-25,wow,5
492,466,2025-03-22,angry,3
1464,402,2021-02-18,sad,3
234,983,2023-08-27,angry,8
1188,241,2020-06-16,like,8
308,82,2021-01-28,sad,5
1484,186,2024-10-10,like,3
164,145,2020-06-04,angry,9
935,605,2025-10-11,angry,4
88,817,2024-02-20,angry,3
1437,412,2024-08-21,like,1
181,737,2025-09-09,angry,2
1,547,2021-05-09,sad,4
27,408,2023-03-12,sad,7
556,51,2024-08-16,like,2
950,808,2024-09-02,angry,9
349,671,2022-03-23,wow,6
461,862,2020-03-08,sad,2
328,743,2020-04-09,angry,1
555,654,2025-04-08,like,8
1191,310,2021-07-19,sad,4
45,644,2022-12-19,sad,10
448,275,2022-02-14,love,6
443,444,2026-02-17,angry,9
1227,778,2021-01-01,sad,2
351,266,2026-01-04,wow,6
49,532,2022-01-17,love,2
153,656,2023-06-15,sad,8
819,80,2024-05-17,wow,9
830,295,2024-11-09,sad,9
1136,395,2020-07-13,sad,2
129,101,2025-01-12,love,10
852,499,2023-12-14,like,8
1261,585,2021-10-23,love,9
3,259,2023-08-25,love,2
886,233,2022-09-06,love,4
1312,947,2025-09-22,love,4
36,490,2021-08-07,like,4
1020,968,2023-03-29,love,5
726,475,2024-08-31,sad,6
1169,67,2022-05-18,wow,4
780,83,2020-03-22,like,8
1383,500,2022-06-14,sad,6
667,275,2023-07-16,love,2
1157,255,2026-01-16,sad,5
377,284,2024-07-30,wow,1
1232,548,2025-03-18,sad,4
810,202,2024-02-11,love,1
423,564,2021-09-18,like,10
298,200,2020-07-22,love,4
525,655,2020-11-19,like,3
635,931,2020-10-21,wow,8
506,214,2024-07-22,angry,6
562,827,2025-06-24,wow,6
1395,796,2023-07-30,love,3
805,857,2021-12-11,sad,3
1334,129,2020-04-30,angry,8
268,72,2026-01-18,sad,6
536,795,2023-09-28,like,1
197,187,2026-04-02,wow,1
900,616,2021-02-15,angry,3
587,489,2024-10-06,sad,9
1410,254,2025-09-15,angry,5
969,295,2023-06-19,love,6
324,701,2021-07-08,like,1
43,290,2025-09-13,wow,5
1446,204,2020-08-17,love,9
1349,194,2020-08-06,like,8
730,713,2026-02-02,angry,2
31,75,2023-09-22,angry,1
336,729,2025-03-23,like,2
128,634,2023-04-16,love,2
1082,717,2021-07-09,angry,6
566,722,2022-11-11,sad,9
1436,349,2021-09-02,love,9
648,127,2026-04-15,love,6
159,16,2021-12-12,angry,3
1458,282,2025-09-28,angry,6
415,945,2020-01-11,like,2
369,913,2024-10-07,sad,4
1186,565,2024-08-10,angry,5
305,148,2024-11-21,angry,4
888,398,2020-09-14,sad,9
489,864,2026-04-22,love,7
1458,330,2025-03-06,angry,4
443,249,2024-07-24,sad,7
263,758,2023-08-30,sad,7
1009,551,2022-07-11,angry,8
1176,303,2021-10-29,love,5
859,312,2025-04-19,sad,7
985,916,2025-05-14,sad,3
1318,968,2021-12-07,love,6
542,716,2023-11-14,like,7
531,18,2023-08-13,wow,2
962,293,2024-03-14,sad,3
390,579,2020-03-21,love,7
192,312,2023-10-08,wow,8
732,190,2021-01-15,like,8
204,473,2022-09-04,like,10
1032,961,2021-11-23,like,4
1499,451,2023-11-04,like,9
957,70,2021-05-28,angry,9
373,531,2021-03-01,wow,9
791,770,2024-05-04,love,3
42,896,2024-02-20,love,8
1080,46,2025-12-24,wow,7
1254,858,2025-08-04,angry,1
1143,759,2021-05-24,angry,4
850,800,2020-04-28,wow,2
90,660,2025-02-02,like,2
1329,549,2020-02-26,like,9
533,722,2022-10-10,wow,7
1231,924,2021-04-11,love,8
382,508,2020-12-09,like,3
1401,210,2022-03-24,sad,7
592,584,2024-12-07,like,1
593,568,2023-05-08,angry,3
491,239,2023-06-07,wow,6
1272,161,2023-01-30,love,9
744,416,2021-11-15,wow,5
1456,637,2023-12-04,angry,8
343,938,2025-07-14,angry,4
682,190,2024-01-03,like,9
325,548,2025-10-05,angry,4
1108,429,2023-02-14,angry,7
460,585,2025-01-20,wow,8
477,462,2025-05-11,like,1
792,15,2020-04-27,love,9
1065,208,2021-03-23,angry,10
1453,501,2024-06-26,love,1
1489,297,2020-11-26,sad,6
706,103,2020-02-04,sad,10
1205,499,2022-09-05,angry,5
1002,450,2021-09-18,love,3
601,574,2025-03-27,sad,8
87,526,2022-12-04,angry,9
686,715,2024-04-09,sad,7
436,529,2022-06-26,like,3
1287,655,2023-12-06,wow,10
1471,396,2025-03-07,wow,3
1153,195,2024-05-23,like,6
1429,236,2022-08-21,wow,7
538,344,2023-11-18,angry,9
771,491,2021-02-17,wow,7
949,378,2023-10-26,angry,9
313,1,2025-11-01,angry,6
133,529,2021-05-24,sad,9
196,301,2020-03-04,angry,8
170,250,2025-09-06,angry,2
1325,51,2024-10-22,sad,1
790,504,2024-10-18,sad,5
883,648,2025-11-07,wow,9
1234,424,2024-02-25,wow,5
95,482,2023-02-25,sad,1
1390,582,2025-05-26,like,9
1102,817,2025-10-25,angry,7
1223,116,2023-02-06,angry,3
470,175,2021-09-23,angry,5
1118,866,2023-10-10,sad,7
34,583,2020-11-17,angry,2
366,47,2025-04-20,love,7
121,593,2024-02-22,angry,2
1297,741,2026-03-15,wow,1
344,559,2025-04-08,wow,9
620,852,2022-10-02,like,1
804,477,2021-04-09,angry,9
428,491,2024-02-09,sad,6
310,975,2023-12-03,love,1
291,809,2021-04-06,like,1
934,50,2025-11-20,love,10
430,675,2022-08-24,like,3
218,737,2020-09-18,love,7
1218,910,2023-07-05,like,1
156,440,2024-01-21,angry,2
1289,995,2022-12-22,angry,2
994,469,2024-05-10,wow,9
1415,244,2020-01-26,wow,3
1294,451,2024-10-21,angry,2
922,118,2024-07-27,love,7
77,847,2023-02-18,like,6
823,831,2021-06-21,angry,4
779,517,2022-09-03,sad,6
397,154,2020-08-10,love,6
1357,549,2023-09-07,like,3
928,652,2021-03-22,angry,8
1474,436,2023-08-09,love,3
317,227,2023-04-21,sad,9
993,360,2024-12-12,sad,1
1320,119,2024-08-21,wow,5
12,690,2021-05-04,wow,1
508,237,2022-12-09,love,5
1417,762,2025-07-06,angry,9
1449,190,2021-03-12,like,2
8,434,2022-02-23,wow,4
650,427,2020-10-05,angry,5
1460,727,2024-04-30,sad,7
1432,737,2022-05-20,like,5
367,216,2024-07-23,like,1
876,907,2022-08-01,love,2
675,904,2020-03-06,like,8
1062,302,2023-11-24,wow,2
1211,254,2021-02-08,love,2
1429,224,2020-09-22,like,3
1355,941,2020-03-18,love,7
1326,634,2023-09-25,angry,6
1219,78,2026-03-21,angry,9
1370,783,2020-02-11,wow,10
108,666,2022-03-15,sad,6
1039,736,2020-02-20,angry,8
1376,858,2024-03-02,like,1
171,852,2025-01-25,angry,10
197,194,2025-03-02,sad,10
1015,68,2022-11-25,love,8
45,445,2024-12-26,like,1
1371,314,2026-03-23,like,8
579,498,2023-12-12,angry,4
194,51,2020-09-26,like,10
700,90,2024-05-18,wow,9
381,128,2023-04-13,sad,8
801,582,2025-07-12,angry,6
610,515,2022-09-25,angry,7
69,275,2025-04-20,angry,6
634,432,2021-03-14,like,4
606,359,2022-04-27,love,5
1413,599,2022-04-02,like,1
1430,618,2022-01-22,love,4
472,248,2022-05-06,love,7
1445,885,2021-12-01,angry,3
926,187,2025-12-19,angry,1
273,567,2025-06-17,angry,2
336,1,2020-09-25,like,5
1134,777,2025-03-07,sad,7
934,438,2024-12-18,sad,1
490,667,2020-05-27,sad,2
196,773,2021-02-21,angry,3
124,345,2023-08-20,sad,5
789,889,2022-07-31,wow,3
1436,518,2023-07-13,wow,3
1241,895,2025-05-21,sad,3
1467,50,2025-06-25,like,6
1040,103,2024-11-18,sad,9
293,897,2026-04-10,like,8
383,583,2025-05-31,angry,2
555,894,2021-03-25,like,3
711,708,2022-04-16,like,5
583,945,2023-03-12,sad,1
1254,379,2023-06-27,wow,10
413,639,2020-10-01,sad,10
631,456,2022-02-03,angry,6
1476,969,2022-10-13,like,4
231,624,2025-11-08,angry,2
1472,781,2021-09-27,like,8
379,878,2020-03-08,like,2
245,113,2020-11-30,love,2
1131,162,2025-10-01,like,5
738,917,2022-10-16,angry,7
741,675,2024-10-16,angry,6
956,950,2024-07-03,wow,5
1290,388,2023-09-01,love,7
701,872,2025-02-01,wow,5
604,218,2021-02-13,wow,3
1166,191,2023-03-15,angry,5
169,347,2020-06-20,like,3
113,210,2020-01-08,sad,5
1438,702,2025-08-28,wow,10
1453,399,2023-07-21,like,2
984,154,2024-06-16,wow,7
973,629,2022-02-11,angry,7
965,873,2020-07-31,angry,5
837,465,2025-12-03,wow,1
1241,114,2020-11-29,sad,2
1225,131,2020-12-30,like,8
1246,234,2022-02-22,sad,3
586,500,2025-02-16,sad,7
414,858,2021-03-30,sad,3
368,6,2022-07-22,love,9
959,122,2024-11-24,sad,9
1247,86,2020-08-31,like,3
180,387,2022-03-12,like,2
1163,782,2022-06-28,angry,9
1401,564,2020-01-10,angry,3
971,332,2023-08-10,angry,9
870,830,2022-11-16,like,3
419,760,2022-05-21,wow,10
100,683,2025-10-02,love,7
1495,725,2023-06-07,angry,5
1407,68,2020-07-21,angry,2
562,788,2024-05-27,love,4
1223,496,2024-01-16,like,6
185,122,2024-02-10,angry,8
655,659,2021-09-30,angry,8
1197,655,2025-05-10,angry,1
978,467,2021-09-27,angry,7
95,298,2025-12-12,love,5
999,637,2020-07-16,love,6
934,234,2023-08-24,angry,5
1153,834,2024-02-04,wow,6
693,868,2024-02-04,sad,8
502,834,2025-05-05,angry,6
194,569,2021-08-10,like,6
180,360,2020-06-02,love,2
402,994,2021-03-06,wow,10
305,238,2024-06-01,like,7
340,949,2022-09-14,angry,9
1469,793,2025-12-13,sad,1
585,749,2025-05-07,like,10
1376,123,2024-12-06,like,3
1328,56,2021-03-14,love,3
1191,366,2025-06-08,angry,7
390,677,2023-01-08,love,9
125,978,2020-02-21,like,6
673,969,2023-09-03,love,2
1017,733,2022-02-13,love,9
1008,846,2023-01-24,wow,4
872,373,2024-12-24,wow,8
742,199,2021-01-19,angry,4
1033,503,2025-12-03,love,6
1439,845,2025-02-15,like,1
927,299,2024-05-28,sad,8
125,206,2022-12-04,sad,3
1043,251,2021-11-16,wow,3
681,618,2023-02-05,like,3
323,375,2025-09-26,sad,9
1019,706,2026-02-10,angry,9
1401,749,2022-07-24,sad,3
694,219,2021-09-13,angry,2
1010,185,2020-05-29,love,1
944,499,2025-08-25,sad,4
502,64,2025-04-09,like,7
436,87,2020-10-08,like,4
967,24,2024-11-29,wow,3
483,780,2026-01-15,sad,9
841,979,2024-10-02,like,2
189,268,2025-02-17,like,7
1001,298,2021-06-10,angry,1
878,727,2022-01-11,sad,6
361,135,2022-11-19,wow,9
753,848,2025-12-15,love,7
645,337,2022-05-24,like,10
193,392,2025-09-02,angry,2
1185,751,2023-04-06,sad,7
430,336,2025-05-14,angry,6
1201,98,2021-08-10,wow,1
1296,397,2021-11-19,wow,7
1149,64,2025-11-25,wow,10
384,246,2022-05-01,sad,1
379,776,2022-04-04,like,7
76,299,2020-02-13,wow,4
1122,561,2024-08-22,wow,9
352,781,2025-07-01,like,3
1015,735,2023-04-15,angry,2
1413,55,2020-05-06,like,4
785,688,2025-05-25,like,2
787,377,2021-05-31,sad,5
375,801,2026-04-10,like,1
719,675,2023-06-25,wow,5
490,809,2020-10-09,angry,10
1297,594,2025-04-13,sad,8
888,617,2023-06-19,wow,2
992,703,2023-10-13,wow,3
630,336,2022-08-25,angry,8
770,926,2024-03-18,angry,5
944,877,2023-12-28,angry,10
745,406,2022-05-23,like,2
566,357,2021-09-08,sad,7
470,759,2023-02-16,like,7
437,706,2022-03-28,like,10
984,537,2024-02-12,love,3
138,454,2026-01-27,angry,6
652,540,2022-12-12,angry,1
1232,956,2020-06-10,sad,4
1064,553,2020-10-01,wow,4
287,852,2022-10-02,love,2
474,271,2022-11-20,like,2
688,519,2026-01-07,wow,8
1209,54,2022-03-03,angry,3
768,133,2021-11-10,like,2
22,552,2020-06-04,sad,1
1251,321,2022-11-13,like,5
1349,137,2025-05-21,angry,4
342,565,2021-06-21,love,9
1200,805,2021-08-26,like,1
1123,107,2024-11-03,wow,8
907,83,2023-06-02,angry,2
1186,635,2024-02-20,sad,9
542,481,2024-09-02,sad,8
296,888,2023-06-09,like,1
614,486,2023-11-14,love,4
17,917,2023-06-05,like,3
104,925,2022-07-30,wow,5
431,452,2023-05-06,love,4
17,450,2022-04-29,sad,3
640,425,2020-06-24,love,8
479,789,2020-05-16,sad,4
1243,646,2020-11-17,wow,3
393,405,2021-02-16,like,5
657,861,2020-03-28,like,10
78,554,2025-05-09,love,8
1223,240,2025-10-18,angry,9
482,952,2023-07-05,like,7
134,16,2024-12-05,sad,10
1342,626,2023-04-12,sad,2
1308,556,2022-01-20,sad,9
614,419,2020-04-07,sad,2
1218,907,2022-04-19,sad,4
1038,772,2020-04-08,like,1
1494,980,2022-04-06,wow,3
305,512,2024-06-26,like,9
687,948,2022-09-20,wow,2
1358,833,2025-04-05,love,8
292,889,2021-01-11,like,7
643,694,2020-10-23,angry,1
922,707,2022-09-28,angry,1
423,287,2021-03-01,wow,6
582,414,2022-07-14,love,1
1391,537,2025-07-11,love,1
774,232,2024-09-16,love,4
1497,119,2024-12-14,love,3
37,818,2021-08-07,love,7
742,926,2024-02-29,angry,1
226,813,2021-08-24,wow,9
1209,191,2024-01-15,sad,7
523,604,2022-03-09,wow,10
1277,471,2020-05-29,like,1
883,614,2021-06-13,love,1
610,230,2025-01-31,sad,5
1173,333,2024-05-07,sad,8
60,856,2020-07-18,wow,8
1019,415,2021-04-01,angry,5
238,293,2024-09-09,wow,5
677,57,2021-12-19,love,9
753,465,2020-03-27,wow,4
444,101,2023-10-05,like,2
9,588,2025-02-04,sad,3
323,725,2021-09-02,like,7
60,820,2023-01-02,love,7
864,699,2025-05-19,wow,5
575,115,2020-04-05,like,6
1140,406,2023-02-21,love,6
150,501,2020-10-16,sad,6
321,470,2024-01-12,like,6
297,27,2021-07-18,love,5
793,828,2022-02-25,love,9
1437,968,2024-03-04,angry,9
609,807,2025-08-08,sad,10
224,774,2024-11-08,wow,10
950,58,2022-02-05,love,8
1002,558,2023-01-02,angry,7
668,950,2023-04-10,like,3
161,782,2020-07-19,wow,9
332,605,2024-01-07,angry,4
124,920,2023-08-02,like,10
293,374,2024-05-21,love,2
256,717,2022-09-26,love,1
777,572,2020-05-21,love,7
173,831,2021-07-26,love,1
892,826,2025-01-01,love,4
1229,522,2023-09-22,wow,3
640,359,2022-05-28,like,6
677,464,2023-07-31,sad,9
6,283,2020-08-15,like,2
933,793,2022-09-05,sad,10
562,150,2021-10-20,like,7
1164,443,2022-10-21,like,5
584,112,2022-03-29,like,10
716,395,2020-04-01,like,8
340,18,2024-06-16,like,1
769,849,2025-03-27,wow,9
878,211,2021-08-01,like,3
388,981,2025-10-19,love,9
817,880,2025-03-01,like,3
853,798,2021-12-17,wow,4
974,618,2025-04-23,like,8
747,941,2022-09-28,sad,10
1304,578,2024-05-18,love,8
1045,522,2026-04-28,wow,9
1197,247,2022-12-27,like,1
791,821,2022-05-03,wow,3
768,31,2025-06-16,angry,10
255,56,2024-09-17,like,7
580,61,2022-11-25,like,7
876,350,2022-04-16,wow,8
1060,14,2025-12-25,sad,2
692,122,2025-01-11,love,10
340,158,2023-06-19,sad,4
338,529,2022-12-16,wow,4
1257,867,2020-11-21,wow,2
582,695,2023-07-06,wow,2
148,77,2025-07-30,angry,3
1474,844,2026-02-19,like,4
1313,797,2020-02-16,sad,3
786,685,2024-12-17,angry,3
1337,138,2021-09-02,love,10
886,1,2023-11-09,sad,10
1196,85,2021-04-17,wow,9
853,298,2020-10-07,sad,9
742,795,2020-12-05,sad,4
873,25,2023-10-10,sad,9
502,609,2025-04-15,like,3
754,579,2023-06-25,angry,6
1248,817,2020-12-25,wow,9
1211,345,2021-09-02,sad,8
181,731,2020-09-21,angry,8
1203,489,2023-05-19,sad,7
1416,14,2021-10-09,love,8
1382,996,2022-10-19,like,10
493,594,2023-11-07,wow,8
990,438,2022-06-05,like,9
1071,579,2024-11-07,sad,9
421,446,2023-03-29,sad,4
402,812,2025-07-29,sad,9
1266,789,2022-01-23,sad,9
1165,204,2021-10-30,sad,3
747,765,2021-02-19,angry,7
1125,435,2021-09-09,wow,6
23,114,2025-01-26,wow,5
774,398,2024-10-21,like,6
510,725,2021-11-23,angry,9
1276,596,2022-09-18,angry,6
786,195,2022-05-31,sad,3
422,196,2024-01-27,wow,10
1176,507,2026-02-14,angry,2
1486,382,2024-06-21,sad,1
139,231,2022-01-08,sad,9
1174,660,2024-01-20,wow,6
1029,876,2024-02-28,wow,4
1410,636,2022-07-01,sad,5
482,712,2022-05-12,angry,5
915,571,2024-06-05,angry,7
1490,7,2020-06-11,love,1
977,580,2026-04-06,angry,6
38,654,2025-04-10,sad,1
903,455,2021-07-20,love,2
803,336,2023-01-31,sad,1
1130,32,2024-10-20,love,3
866,705,2021-11-13,wow,8
738,970,2024-09-03,wow,9
695,312,2023-06-04,angry,7
1467,380,2023-09-16,angry,1
331,488,2021-09-17,sad,10
1039,724,2021-03-13,love,7
170,165,2024-05-27,love,8
200,492,2021-07-21,wow,7
652,669,2022-09-20,sad,10
1478,650,2025-08-02,love,10
451,93,2021-10-19,sad,6
627,324,2022-09-27,wow,10
954,679,2021-02-06,sad,7
613,638,2021-02-18,like,9
1384,118,2026-04-07,sad,3
938,456,2026-03-27,love,3
1447,565,2024-06-25,love,2
351,700,2021-02-09,angry,7
894,548,2025-05-05,like,6
270,855,2022-07-24,like,1
1294,591,2023-05-09,like,7
253,591,2022-08-23,sad,9
1290,439,2024-11-15,sad,7
1184,697,2025-07-02,like,9
1290,909,2025-09-19,like,9
1225,950,2021-05-25,angry,8
132,230,2024-07-23,like,4
1040,692,2025-10-03,like,1
607,646,2022-08-07,love,2
626,441,2023-03-04,wow,6
685,690,2024-03-31,like,1
645,185,2024-10-21,like,6
751,898,2022-07-13,sad,6
151,422,2022-08-07,sad,9
1450,162,2023-09-20,wow,9
596,843,2022-05-25,like,7
1064,8,2021-10-07,like,2
806,260,2025-08-20,love,9
101,349,2025-01-21,wow,8
247,801,2021-11-13,sad,5
91,217,2021-06-20,angry,5
7,529,2020-01-28,angry,7
183,7,2024-12-13,like,8
111,323,2024-02-10,sad,3
812,484,2024-04-13,love,9
1041,757,2023-06-05,wow,6
1170,500,2024-10-08,wow,6
1354,678,2026-01-16,like,1
554,100,2024-11-11,wow,3
617,561,2025-08-29,angry,7
527,54,2020-01-09,love,2
396,162,2022-08-13,like,10
1274,972,2024-01-03,sad,7
605,365,2022-07-03,wow,5
608,324,2021-07-24,angry,3
153,722,2020-01-06,sad,6
1172,93,2021-02-03,angry,1
225,427,2020-12-06,sad,3
250,600,2023-02-01,like,10
1277,423,2023-12-06,sad,5
105,713,2024-06-15,wow,7
1232,124,2020-07-02,sad,8
714,736,2023-11-10,sad,4
1275,386,2022-11-18,angry,5
527,528,2023-11-30,wow,6
671,126,2020-03-16,like,1
1208,207,2020-03-03,sad,7
985,921,2025-08-29,wow,7
935,946,2023-10-09,love,10
529,50,2021-03-14,love,7
923,673,2023-12-15,wow,1
315,214,2023-10-13,sad,2
1255,603,2022-06-24,angry,6
680,81,2023-09-17,wow,7
1159,673,2024-11-09,like,3
6,506,2023-05-04,like,6
252,716,2026-03-09,like,2
733,801,2021-09-06,love,7
960,421,2024-06-08,love,4
707,683,2024-04-10,angry,5
1458,641,2020-05-10,angry,1
870,554,2026-04-19,sad,6
46,532,2022-08-04,like,2
201,189,2024-09-25,sad,10
1369,255,2025-05-26,sad,4
1209,625,2026-04-21,sad,8
1108,947,2024-01-16,like,2
1080,99,2022-08-18,sad,8
348,287,2023-07-15,love,10
1351,823,2023-09-27,like,10
299,696,2021-05-12,like,8
667,264,2022-03-02,like,6
762,942,2022-08-19,angry,10
856,759,2020-02-04,angry,7
49,164,2020-04-13,wow,7
1283,433,2022-07-06,love,9
1220,600,2022-06-22,wow,2
450,590,2023-07-26,wow,5
159,542,2021-06-16,angry,7
503,510,2022-02-07,angry,7
1359,747,2022-08-10,sad,8
545,783,2024-02-27,sad,2
711,155,2022-10-03,sad,10
354,67,2025-02-23,wow,9
855,73,2022-09-10,sad,2
1193,248,2023-10-21,like,7
1079,276,2023-08-06,like,5
632,271,2021-06-27,love,6
528,292,2023-05-04,love,10
