user_id,playlist_id,fecha,veces_reproducida,favorita
1012,140,2021-02-04,38,True
539,694,2023-09-17,94,False
1169,14,2021-08-04,80,False
372,682,2025-06-29,40,False
658,374,2025-04-27,43,True
443,526,2023-10-22,45,False
1339,308,2026-03-28,100,False
26,893,2023-05-13,37,False
53,612,2021-03-29,12,True
1255,291,2023-06-13,19,True
567,803,2020-08-04,38,False
1221,242,2024-08-26,40,False
1132,914,2021-10-18,91,False
1496,873,2021-06-14,61,False
1052,49,2025-07-18,90,False
1025,664,2021-11-16,61,True
558,152,2020-03-10,64,False
68,617,2025-07-20,46,False
867,979,2024-02-24,15,False
1298,828,2022-03-12,19,False
57,769,2025-08-06,23,True
1148,432,2022-06-12,89,False
500,43,2021-08-03,7,False
296,407,2025-05-18,49,False
1351,68,2023-02-21,57,True
1080,762,2021-01-16,51,True
861,25,2022-05-28,30,False
1107,348,2026-01-19,18,False
1216,143,2021-02-11,45,True
723,455,2020-02-14,88,True
728,78,2025-10-15,94,False
377,31,2023-12-22,17,False
45,53,2020-08-02,93,False
529,849,2023-10-18,32,True
1290,718,2023-05-21,50,False
457,2,2023-06-19,90,False
1268,902,2021-12-31,62,False
767,669,2023-11-26,92,True
1252,577,2025-01-31,96,False
35,380,2024-12-07,17,True
353,93,2020-03-21,49,False
992,269,2024-04-15,55,False
1234,319,2021-03-06,31,False
1282,425,2023-04-01,42,True
858,899,2025-09-05,55,False
1368,445,2025-02-26,65,False
980,573,2023-12-04,71,False
909,959,2020-02-21,88,False
883,867,2025-02-09,37,True
1360,689,2021-01-28,11,False
477,718,2023-06-22,72,True
452,420,2026-04-18,23,False
869,427,2020-12-16,10,False
127,766,2021-04-10,69,True
69,586,2022-04-24,61,True
1298,979,2023-12-05,48,True
1297,491,2024-02-22,100,False
1050,998,2023-08-13,2,False
972,129,2022-05-05,99,False
442,454,2023-12-12,5,False
419,21,2020-06-18,80,False
246,658,2020-02-23,87,False
1283,395,2022-02-06,86,True
967,989,2025-04-15,37,False
12,198,2025-06-22,32,False
81,99,2022-12-26,4,False
704,778,2025-05-08,39,False
606,798,2020-06-12,14,False
426,721,2025-01-02,90,False
617,913,2026-02-18,41,False
216,608,2022-11-04,98,True
742,839,2022-08-31,90,False
1430,966,2024-10-23,59,True
827,882,2022-12-23,24,False
877,609,2023-05-18,16,False
576,949,2026-01-31,82,False
1215,827,2023-05-29,31,False
827,627,2022-10-05,4,True
1444,270,2021-10-02,85,True
481,124,2025-07-29,44,False
670,760,2025-08-12,58,False
1058,893,2025-10-15,68,True
190,788,2020-01-25,61,True
145,525,2024-02-02,83,False
682,519,2022-01-03,60,False
1211,989,2022-11-18,89,False
472,509,2023-04-19,76,False
87,727,2022-12-17,95,False
604,785,2023-01-08,44,True
615,117,2022-05-01,66,True
1440,364,2024-06-09,39,True
1398,18,2023-10-14,27,False
638,54,2026-02-10,48,False
667,255,2020-10-20,70,False
1363,410,2020-03-25,34,True
485,531,2021-06-13,19,True
717,296,2022-09-27,63,False
1137,631,2021-10-01,67,False
629,83,2021-04-04,19,False
925,398,2023-04-20,63,False
976,403,2023-10-25,36,False
862,745,2026-03-07,58,True
756,163,2021-08-03,62,False
842,389,2021-09-13,56,True
515,417,2025-12-07,56,False
1381,127,2025-05-12,18,False
895,511,2024-01-20,57,True
236,637,2021-10-29,97,False
2,778,2022-09-21,18,False
530,397,2020-10-23,80,True
820,736,2023-02-16,51,True
508,296,2025-06-02,54,False
1359,869,2021-05-20,56,True
121,735,2023-10-06,93,True
569,886,2023-03-13,66,False
138,482,2022-03-17,24,False
1010,488,2021-08-29,38,False
1466,270,2020-10-31,54,True
1187,506,2020-06-01,65,False
68,856,2025-02-22,34,True
1416,886,2024-05-08,73,False
348,102,2022-05-04,60,True
818,225,2023-12-15,57,False
558,520,2025-04-18,76,False
528,898,2020-05-21,14,True
865,941,2023-12-23,37,True
1009,42,2023-12-25,51,False
1073,196,2020-11-11,20,True
486,817,2022-08-24,63,False
717,621,2021-09-16,14,True
492,122,2020-02-21,68,False
813,253,2023-08-27,81,False
359,692,2020-03-25,36,True
1241,486,2020-09-11,99,True
846,117,2020-07-25,85,True
665,215,2024-08-03,20,True
850,713,2023-10-03,54,False
297,454,2022-11-02,56,False
473,506,2022-02-21,24,False
1327,427,2023-01-01,10,True
339,193,2021-03-27,24,True
232,752,2023-07-01,49,False
767,893,2022-12-04,99,True
1198,479,2024-07-30,61,False
1136,268,2025-11-23,53,False
105,416,2022-01-25,63,False
1268,560,2026-04-08,51,False
712,747,2021-07-07,81,True
260,509,2020-11-12,77,True
245,719,2022-03-18,65,True
1167,874,2022-02-28,69,False
492,153,2025-07-20,96,False
445,90,2026-01-19,68,False
1170,436,2021-11-17,38,True
545,506,2020-04-22,25,True
924,429,2024-05-06,79,True
198,344,2024-03-30,38,False
674,896,2021-01-29,2,True
1109,723,2026-04-16,45,True
301,902,2024-12-30,8,True
323,510,2024-09-03,62,True
515,462,2025-05-18,38,True
1447,882,2023-06-10,58,True
1034,590,2026-04-01,15,False
696,646,2024-11-30,52,False
788,15,2021-09-26,5,True
1357,795,2020-11-03,23,False
1066,282,2023-05-20,72,True
797,70,2021-08-22,1,False
556,59,2022-08-01,47,False
116,815,2024-07-05,49,False
753,831,2021-01-11,66,True
434,436,2022-02-09,63,False
149,564,2020-05-04,56,True
770,484,2020-02-10,35,False
814,944,2025-11-27,43,True
527,575,2020-02-01,52,False
1169,22,2024-04-26,31,False
103,466,2020-06-08,6,True
1337,773,2023-09-14,57,True
1025,452,2023-05-10,100,False
101,927,2020-02-21,62,True
1011,444,2022-11-01,93,False
1389,792,2022-07-11,16,False
1135,184,2025-11-12,64,True
787,206,2026-04-04,74,True
787,399,2022-01-12,90,False
775,686,2021-08-14,79,True
824,149,2026-01-19,53,False
530,543,2024-12-07,92,True
612,772,2022-03-04,73,True
68,813,2023-08-05,83,False
590,548,2022-07-22,41,True
1107,847,2025-07-04,53,False
874,139,2026-02-15,91,False
758,735,2024-03-11,62,False
127,170,2024-09-28,59,True
1308,774,2025-12-22,29,True
1387,289,2024-03-25,48,False
1246,984,2022-03-09,10,False
1345,511,2021-02-12,39,True
843,77,2023-07-17,98,False
368,476,2023-09-30,85,False
166,23,2020-01-11,69,False
1158,997,2024-02-11,72,False
975,91,2025-01-11,72,False
477,749,2025-03-27,49,True
640,246,2021-09-04,0,False
1051,942,2021-02-07,38,True
17,434,2025-11-11,45,False
184,202,2020-11-13,38,True
360,960,2025-05-27,19,True
319,290,2021-02-02,86,False
1293,470,2024-09-24,49,False
1207,982,2021-01-18,16,True
807,1000,2021-09-27,12,False
281,517,2025-01-10,30,False
560,559,2024-03-21,40,True
1263,242,2024-05-10,11,True
1342,373,2022-04-10,60,False
505,736,2024-10-05,79,True
246,204,2023-12-25,18,True
555,116,2025-06-08,37,True
1014,774,2024-04-27,9,True
200,779,2022-12-04,69,True
28,598,2026-03-16,86,True
600,323,2020-11-25,94,False
692,516,2020-12-16,79,False
499,65,2023-06-11,62,True
1021,670,2021-09-30,99,False
549,532,2022-01-28,84,True
623,74,2021-05-05,7,True
1276,719,2020-01-02,82,False
1019,251,2023-04-09,83,True
1119,602,2022-10-17,5,False
996,919,2020-10-20,97,False
790,643,2023-05-12,97,False
402,183,2022-12-12,10,True
1038,865,2023-12-02,94,False
83,839,2026-02-02,63,False
258,495,2024-01-06,42,True
308,734,2024-01-24,87,False
1156,713,2025-07-27,14,False
148,315,2021-09-12,39,False
478,168,2023-10-06,16,False
509,79,2021-09-30,1,False
253,815,2023-12-15,82,True
374,229,2022-01-03,81,True
148,278,2025-11-30,55,False
219,812,2025-10-06,73,True
1439,188,2024-03-10,1,True
1068,13,2021-08-11,30,True
288,955,2020-11-14,13,False
563,172,2022-12-09,8,True
882,203,2023-05-09,60,True
1041,199,2022-01-05,18,True
741,114,2025-01-05,23,False
575,901,2023-03-04,5,False
692,309,2022-06-30,45,True
328,384,2023-11-24,63,True
1203,530,2025-12-31,39,False
1034,389,2024-02-12,80,False
656,311,2022-09-15,15,True
1492,33,2022-05-23,49,False
61,442,2024-04-29,13,False
1333,808,2021-02-17,16,True
1337,372,2022-04-07,51,True
1448,489,2023-03-18,15,False
1399,912,2023-08-27,8,True
189,434,2023-02-11,82,True
868,449,2022-09-29,56,True
795,259,2021-04-05,57,False
481,757,2025-10-29,100,True
1064,321,2023-02-23,50,True
677,26,2026-04-26,34,True
230,753,2022-03-25,17,False
1458,628,2022-10-13,39,False
49,357,2026-04-29,41,True
186,384,2020-07-06,90,False
777,173,2022-06-24,67,False
1045,12,2024-12-14,81,False
1204,873,2021-05-23,74,False
924,575,2025-03-27,96,False
239,965,2022-01-17,100,False
869,392,2023-08-19,86,True
1,59,2021-05-22,7,True
892,547,2023-04-20,100,True
207,353,2026-01-02,48,True
60,235,2020-03-31,69,True
763,866,2025-08-12,14,True
780,452,2025-10-12,25,True
1456,505,2023-12-09,82,True
437,732,2021-02-14,51,True
1417,2,2021-04-04,81,True
105,215,2025-07-24,73,False
257,432,2020-12-04,69,False
765,153,2022-08-04,89,False
378,106,2026-02-27,77,False
700,151,2020-05-01,34,True
267,7,2025-10-12,73,False
391,856,2024-08-16,95,True
506,345,2022-10-31,38,False
437,220,2021-07-07,66,True
13,845,2020-07-08,63,False
480,755,2024-05-09,60,True
1085,176,2021-07-30,22,False
275,231,2022-02-23,79,False
544,387,2025-08-23,56,False
816,926,2021-08-29,88,True
906,105,2025-06-10,7,True
948,943,2024-06-13,7,True
1482,726,2020-05-17,23,True
240,623,2020-09-20,46,False
586,142,2026-03-11,88,True
891,26,2023-03-04,94,True
842,300,2022-11-06,93,True
915,840,2020-05-01,55,False
52,449,2021-09-24,48,True
1073,421,2025-02-12,28,False
543,592,2022-02-27,94,True
211,778,2024-01-13,26,True
525,681,2024-02-07,27,True
453,47,2023-11-12,61,True
107,770,2020-08-16,88,True
213,593,2022-02-16,76,True
332,240,2020-02-14,23,True
1095,691,2026-03-29,57,True
738,812,2020-02-01,87,False
1271,68,2023-11-21,62,False
252,289,2026-02-06,54,False
579,689,2023-12-11,62,False
174,60,2025-07-31,72,False
829,298,2025-12-26,56,True
204,665,2023-11-09,24,False
63,827,2024-05-29,91,False
1257,345,2025-08-06,61,False
1491,884,2025-03-19,77,True
1483,704,2026-03-08,93,True
281,403,2023-12-10,77,True
869,676,2025-02-01,8,True
316,25,2023-08-23,23,False
1388,233,2025-05-04,79,False
153,684,2024-06-29,67,True
189,496,2023-06-03,26,False
11,939,2023-09-03,19,False
1383,203,2021-11-07,54,False
774,655,2022-10-05,31,False
139,299,2021-09-13,24,True
1433,528,2020-02-06,47,False
1137,670,2025-12-01,80,True
1198,153,2025-04-16,82,True
968,858,2024-05-20,36,False
999,358,2023-04-12,9,True
605,490,2023-02-21,24,True
579,331,2026-04-21,78,True
1005,18,2022-05-13,26,False
900,288,2022-10-06,71,False
545,343,2022-01-16,41,False
875,51,2026-03-25,12,False
746,52,2023-01-19,89,False
1207,836,2023-01-25,36,False
610,682,2024-03-03,58,False
892,431,2023-08-21,90,False
1436,622,2022-04-16,6,False
829,485,2023-08-08,64,True
1054,37,2025-05-30,28,False
237,674,2026-03-28,67,False
1462,73,2024-10-06,9,False
1258,211,2022-04-07,93,True
60,497,2025-02-18,19,False
389,671,2024-07-07,96,True
531,191,2022-12-30,70,True
243,324,2025-03-29,64,True
1487,203,2020-05-05,100,False
1392,803,2026-03-24,50,False
329,216,2022-07-28,79,True
193,308,2025-02-17,63,False
1115,986,2020-11-14,64,False
72,692,2021-02-26,20,False
439,361,2022-12-27,63,False
97,373,2022-12-31,56,True
620,109,2024-07-29,34,False
232,697,2023-02-28,6,True
1341,435,2022-06-26,70,False
215,345,2021-10-08,52,False
1422,808,2024-08-20,97,True
650,87,2022-07-01,15,False
270,996,2020-11-26,32,False
930,442,2021-10-22,37,False
774,827,2023-03-04,30,False
1330,508,2021-12-27,37,False
335,643,2023-06-24,15,False
182,316,2021-06-20,40,False
812,351,2023-01-06,10,True
522,863,2025-12-31,41,True
160,496,2025-06-19,54,False
913,822,2024-03-07,9,False
463,628,2021-01-18,1,True
947,853,2022-10-01,0,False
774,89,2024-04-09,14,False
564,922,2022-08-19,41,False
286,717,2022-07-13,92,True
212,977,2020-03-20,92,False
523,709,2024-03-09,80,True
1092,701,2021-06-28,3,False
1376,973,2020-08-20,83,True
1460,635,2023-12-15,88,False
201,692,2020-05-29,63,False
175,617,2023-11-10,10,True
1231,556,2022-09-04,10,False
1055,431,2022-08-22,39,True
954,300,2021-09-09,98,True
231,261,2022-07-20,94,False
1211,707,2024-01-27,2,True
696,728,2025-05-19,58,True
572,815,2026-04-13,79,False
1152,330,2025-01-01,22,False
1241,924,2022-07-14,35,False
1080,958,2022-01-23,62,False
1420,126,2021-09-14,57,False
293,545,2023-02-13,8,True
526,716,2020-09-08,9,True
125,759,2025-08-18,15,True
708,124,2022-01-18,9,False
873,426,2020-05-26,82,False
918,243,2026-04-22,43,True
527,830,2023-01-25,72,True
1229,708,2026-04-28,11,True
222,202,2025-04-01,49,False
672,823,2023-12-07,13,False
417,965,2020-03-05,26,True
735,87,2025-04-10,42,False
49,753,2020-11-30,80,False
1449,158,2026-04-22,36,False
759,468,2022-12-13,20,False
500,645,2023-01-24,62,True
1168,995,2020-11-01,40,True
1392,367,2020-04-06,17,False
819,666,2022-05-11,87,False
34,699,2023-07-05,48,True
191,195,2022-02-20,60,True
170,56,2024-04-29,59,True
742,572,2020-10-19,44,False
371,346,2020-09-03,96,False
194,449,2020-09-01,20,False
674,551,2023-03-20,12,False
797,535,2024-05-11,57,False
946,910,2020-08-20,64,False
100,233,2025-08-14,95,False
752,876,2021-07-27,16,True
70,407,2023-06-16,40,True
1244,617,2025-12-04,88,False
1195,96,2021-07-01,76,False
774,489,2022-11-29,76,False
1043,211,2020-07-29,74,True
1316,684,2024-01-08,39,True
1294,501,2020-05-27,9,False
1186,822,2024-11-08,30,True
1216,453,2024-07-05,95,False
666,871,2023-09-01,17,True
1327,539,2022-07-08,95,True
1041,146,2026-02-02,87,False
1426,415,2025-07-03,58,False
751,952,2026-04-02,3,False
711,836,2024-08-29,99,True
19,256,2025-10-28,16,False
1248,704,2023-03-04,15,True
1362,697,2025-10-28,55,False
159,505,2025-07-19,9,False
480,117,2025-01-30,46,False
253,160,2022-10-12,26,False
352,681,2022-04-23,9,False
885,249,2025-02-26,62,False
1148,971,2022-02-05,51,False
1425,907,2025-02-07,52,True
1209,870,2024-05-12,69,False
812,818,2023-11-02,100,True
1130,488,2021-03-24,100,True
130,991,2022-05-28,51,False
866,402,2026-03-28,16,False
681,555,2024-04-16,69,True
548,633,2023-12-20,72,False
834,658,2026-02-05,8,True
833,285,2023-11-02,43,True
1197,999,2020-12-07,39,True
703,227,2022-01-11,70,False
388,811,2023-08-26,52,True
850,13,2022-02-01,76,True
1497,64,2020-07-04,35,False
1078,876,2025-02-14,45,False
594,820,2025-05-24,61,False
765,79,2026-02-05,65,False
596,693,2020-06-11,66,True
902,784,2020-12-03,19,False
374,451,2026-02-21,61,False
1094,472,2025-02-11,49,True
1309,793,2021-11-10,27,False
784,998,2022-05-18,30,True
21,11,2023-10-07,93,False
499,370,2023-04-28,73,False
799,371,2022-04-24,93,False
1232,359,2021-12-17,85,True
1406,959,2020-07-13,87,True
1142,657,2025-05-15,91,True
1182,211,2022-07-21,72,True
1460,174,2026-03-28,38,False
381,909,2025-06-25,19,True
1446,702,2021-06-28,86,True
431,932,2020-02-04,54,False
518,321,2020-01-02,39,False
765,974,2020-12-05,89,True
615,954,2020-06-15,35,False
1451,782,2020-06-17,33,True
61,821,2022-12-07,52,False
199,378,2021-10-31,71,False
915,345,2020-09-21,14,False
627,72,2025-11-23,52,True
612,121,2023-07-25,57,False
161,120,2021-10-11,70,True
1293,364,2023-01-22,93,False
1115,773,2020-12-26,42,False
10,700,2024-11-26,42,True
259,253,2023-11-22,87,False
558,209,2020-03-25,9,True
1395,688,2024-06-03,89,True
600,780,2026-02-07,10,False
765,412,2023-10-09,68,True
1074,204,2025-02-10,85,False
1046,624,2024-12-07,66,True
752,210,2021-08-05,74,False
407,76,2025-02-20,8,False
561,3,2025-02-22,6,True
1170,763,2022-05-15,13,False
1396,310,2024-08-04,59,True
902,356,2023-06-11,85,True
959,415,2025-01-27,31,False
213,875,2020-05-19,72,False
1212,972,2021-03-22,15,False
286,982,2020-05-31,88,False
1083,253,2020-03-11,38,False
759,361,2022-07-24,48,False
1384,121,2020-01-10,49,True
394,908,2021-06-07,43,True
430,925,2023-12-01,37,True
1271,914,2024-11-15,30,False
83,807,2020-01-18,37,False
831,577,2025-03-14,40,False
431,945,2021-01-28,29,False
768,153,2022-01-03,11,False
817,454,2023-04-19,16,True
1056,3,2022-06-11,87,False
1094,802,2020-11-01,89,True
968,328,2020-10-27,63,False
305,344,2026-03-07,86,False
1255,825,2025-08-28,56,False
373,127,2021-05-08,77,False
309,270,2023-08-30,31,True
900,179,2022-07-27,85,True
1051,189,2020-01-16,99,True
1109,283,2022-07-07,66,True
566,593,2026-04-13,68,True
889,996,2024-10-18,98,True
447,87,2026-04-12,39,True
64,825,2023-06-02,6,False
817,26,2020-08-11,46,False
545,330,2022-03-16,71,False
385,872,2025-09-17,71,False
369,762,2024-03-09,43,True
1136,502,2020-02-02,28,False
61,407,2022-03-31,35,False
1350,123,2022-05-11,100,False
968,628,2024-05-07,76,False
1466,54,2021-04-25,10,True
353,778,2024-01-15,83,True
962,47,2024-04-14,6,True
1464,35,2026-04-15,2,True
797,378,2021-01-04,93,True
478,622,2021-11-04,97,False
88,803,2023-12-07,40,False
920,398,2021-04-30,89,True
600,303,2020-11-11,99,True
181,788,2025-01-31,29,True
98,398,2025-01-17,1,True
310,872,2021-12-12,31,False
363,713,2020-09-10,77,True
1213,540,2026-04-04,69,True
515,63,2020-06-16,56,False
1029,173,2023-08-22,41,False
387,711,2022-11-18,23,True
196,707,2022-04-06,94,True
52,393,2024-08-15,74,True
540,89,2021-03-11,18,False
44,260,2024-02-19,78,True
750,475,2021-12-08,97,True
1134,358,2025-07-21,7,False
1056,836,2023-10-10,35,True
769,759,2023-07-01,1,False
347,769,2021-02-26,63,False
1430,702,2020-05-06,3,True
707,292,2025-04-15,90,False
1245,881,2021-09-15,87,False
977,332,2025-02-21,58,False
1246,59,2025-05-09,91,True
1366,291,2022-04-02,33,False
120,798,2020-08-29,83,False
97,927,2022-01-28,92,True
1209,505,2022-04-18,73,False
1408,336,2022-01-04,85,True
1386,399,2024-05-20,12,True
1068,866,2026-01-17,47,True
744,417,2024-03-16,1,True
993,537,2021-09-19,54,True
320,122,2022-09-20,20,False
886,137,2020-12-28,19,True
1186,859,2025-01-20,4,False
132,810,2021-08-15,34,True
863,566,2022-07-13,42,True
498,641,2021-11-17,52,False
383,334,2025-01-22,62,False
1103,203,2025-12-05,44,False
1391,845,2022-09-07,94,False
453,174,2025-12-30,34,True
1363,117,2026-02-13,16,False
268,411,2023-07-25,97,True
984,110,2020-10-25,52,False
203,58,2021-12-08,24,False
623,512,2023-04-25,19,False
216,450,2020-11-25,82,False
1047,917,2025-12-03,93,False
1073,274,2023-10-05,99,True
473,599,2025-10-20,18,True
1405,328,2025-10-07,34,True
271,819,2024-10-28,47,True
251,811,2023-05-02,92,False
97,359,2021-09-19,65,False
194,12,2021-11-09,87,False
1012,139,2022-12-06,3,False
245,645,2020-08-06,4,True
886,729,2021-04-17,31,True
236,880,2022-04-03,54,False
275,739,2023-12-04,91,False
367,80,2021-10-05,68,True
1133,274,2022-11-14,80,True
1106,191,2025-06-13,13,False
1139,570,2023-05-18,61,False
1025,259,2021-11-05,91,True
998,549,2023-03-24,41,True
1079,593,2026-03-08,66,True
730,710,2025-02-25,69,False
972,379,2020-02-08,23,False
543,632,2021-03-29,41,False
1460,762,2021-12-22,15,True
1473,713,2025-08-09,44,True
280,222,2022-07-13,62,False
722,51,2021-08-08,58,True
1486,471,2022-12-30,6,False
22,786,2020-01-19,60,True
1204,713,2022-12-18,50,True
414,655,2020-09-30,16,False
1029,347,2024-06-12,92,True
1494,922,2022-11-20,82,False
1182,652,2023-03-02,58,False
1102,855,2020-06-26,23,True
1494,543,2020-12-11,76,False
1236,256,2025-06-30,47,True
1222,172,2024-10-08,5,True
204,350,2024-08-13,52,False
483,37,2023-07-13,44,False
213,750,2023-05-17,97,False
127,41,2020-11-11,51,True
1044,544,2023-07-04,43,False
851,189,2020-06-25,9,False
1353,183,2024-07-17,22,False
1267,982,2024-02-09,46,True
1192,568,2024-12-15,88,True
1313,969,2022-11-03,59,True
279,917,2023-05-03,70,True
1500,819,2024-07-23,91,True
574,444,2022-04-23,76,False
115,494,2023-01-10,44,False
60,388,2020-11-06,10,False
568,757,2023-05-10,44,True
78,219,2026-03-17,8,False
548,629,2024-10-01,92,True
1140,653,2022-05-07,26,False
1194,608,2025-11-22,0,False
596,592,2022-05-19,3,False
944,467,2021-08-15,87,False
504,245,2024-02-16,24,False
204,322,2025-04-22,28,False
809,689,2020-10-07,32,True
1436,112,2025-04-02,71,False
1092,737,2024-01-26,60,False
207,858,2025-10-25,45,False
363,928,2024-02-09,55,True
1484,361,2021-03-30,39,False
1445,804,2025-05-11,87,True
1416,177,2023-04-22,83,False
1266,922,2024-06-28,47,False
1154,812,2020-07-09,56,False
1019,468,2025-02-05,100,False
1021,185,2021-10-02,84,False
1339,654,2026-01-02,69,True
1217,147,2026-01-29,77,True
413,769,2022-11-21,5,False
1109,323,2020-02-08,36,True
1418,913,2022-12-27,58,False
120,683,2021-12-10,82,False
1496,748,2023-08-18,4,True
803,543,2024-07-26,74,False
939,31,2025-12-01,35,True
1004,170,2025-06-29,12,False
1239,437,2023-06-14,26,False
1416,312,2021-02-08,55,False
1449,745,2024-07-21,39,True
780,143,2025-06-08,74,False
626,991,2021-06-13,12,True
370,119,2023-10-29,31,True
344,561,2023-09-14,22,True
1114,816,2022-02-15,41,False
1143,680,2024-01-19,38,True
544,310,2020-02-20,65,True
1351,752,2021-12-05,83,False
1068,753,2023-01-31,33,False
974,30,2022-01-30,0,False
113,277,2021-06-29,53,False
1175,718,2023-04-14,87,False
1125,323,2020-03-29,53,False
825,181,2024-04-29,37,False
1455,177,2023-01-07,81,True
477,248,2023-07-28,12,False
1018,485,2020-11-17,60,False
1165,527,2023-02-13,39,False
817,236,2023-11-19,41,False
1204,137,2024-11-16,50,True
1012,699,2023-05-31,42,False
140,870,2025-02-14,78,True
191,172,2021-09-05,21,True
810,975,2024-07-05,98,False
57,589,2025-02-22,15,True
174,937,2025-07-27,20,True
1415,341,2026-04-08,70,False
1461,49,2023-05-16,78,True
1208,970,2024-03-23,61,True
408,399,2025-04-04,0,False
375,689,2020-10-06,32,True
630,567,2021-03-25,82,True
830,245,2022-11-03,86,True
463,252,2024-05-02,24,True
108,434,2022-07-15,26,False
881,767,2024-10-27,79,True
59,233,2020-07-09,98,True
1356,849,2022-04-24,35,False
1455,236,2020-09-01,86,False
284,953,2024-01-30,4,False
851,960,2020-08-24,51,False
1325,899,2026-01-02,79,True
315,634,2025-05-17,92,False
684,164,2020-01-27,90,False
369,724,2020-12-19,92,False
1338,34,2025-05-06,67,False
500,461,2024-03-25,97,True
1189,729,2025-06-16,57,True
534,231,2026-02-13,32,True
871,452,2020-05-25,28,True
669,762,2025-09-29,60,True
862,18,2021-02-03,7,False
258,490,2021-01-18,88,True
1495,772,2022-06-27,94,False
411,782,2021-04-13,36,True
680,156,2023-09-17,3,False
860,265,2020-01-20,99,False
190,724,2024-10-12,22,False
350,90,2020-10-30,66,False
863,503,2024-07-17,34,False
49,101,2025-04-08,57,False
966,953,2022-09-17,88,False
553,771,2022-09-01,70,False
1043,825,2020-11-14,88,True
1168,1,2022-09-10,25,False
134,354,2022-11-06,26,True
1325,520,2023-01-24,11,True
1044,854,2024-08-15,76,False
247,120,2021-07-21,74,True
604,651,2024-09-17,67,False
806,102,2025-08-02,6,False
1205,479,2022-04-25,1,False
754,954,2021-03-18,96,False
1170,894,2024-02-26,93,False
1232,35,2024-06-11,59,False
407,232,2025-02-11,85,True
412,306,2023-05-15,30,True
670,322,2022-02-12,82,True
697,83,2020-02-19,88,True
1037,17,2020-10-02,53,False
1323,370,2023-01-27,28,True
940,892,2024-10-16,46,True
207,79,2026-04-26,45,True
304,482,2022-11-15,72,False
568,227,2024-11-04,66,False
171,510,2022-06-09,81,False
1404,347,2021-11-27,71,True
593,27,2021-06-30,100,True
415,68,2024-05-14,96,False
729,507,2025-07-24,20,False
644,39,2025-11-12,93,False
586,855,2020-12-27,36,True
747,396,2020-02-27,24,False
1126,982,2024-12-30,70,True
20,869,2022-11-15,49,False
683,929,2021-12-13,73,False
1004,564,2024-10-20,17,False
389,170,2024-05-21,51,False
479,239,2022-02-15,82,True
1463,132,2024-11-05,9,False
72,789,2024-07-20,41,True
466,939,2021-06-01,49,True
662,757,2022-07-03,93,False
190,521,2023-06-08,40,False
126,517,2021-04-03,6,True
293,888,2021-06-17,92,False
450,402,2026-02-14,91,True
1168,829,2021-05-25,99,False
1216,199,2024-07-23,91,False
149,850,2020-10-31,12,False
1494,461,2025-12-14,76,True
795,806,2020-04-19,59,False
582,268,2021-04-29,12,False
325,648,2025-01-17,69,True
1366,991,2023-04-24,55,True
1019,374,2024-02-10,26,False
729,102,2020-12-11,64,False
1485,208,2021-09-17,88,True
800,390,2025-06-01,1,True
1353,36,2024-03-03,37,False
1380,999,2023-09-27,94,False
508,391,2025-08-09,67,True
1067,875,2023-11-07,47,False
740,46,2025-06-18,73,False
310,214,2023-02-19,99,True
247,882,2024-11-01,13,True
14,292,2021-12-26,74,False
192,488,2023-04-07,62,True
926,297,2020-02-10,23,True
46,195,2025-12-25,92,True
66,620,2024-12-20,42,False
320,479,2024-09-06,54,False
869,433,2023-07-15,47,True
805,525,2020-01-27,17,False
204,911,2020-05-14,56,True
1142,631,2020-06-28,56,False
1061,442,2026-04-13,20,True
386,912,2025-12-25,13,True
1282,294,2023-12-23,96,True
1490,534,2023-11-04,86,True
849,468,2024-02-18,88,False
1167,235,2020-08-05,69,True
1111,983,2026-01-23,8,False
388,848,2021-10-15,41,True
1432,290,2020-04-13,50,True
881,712,2022-02-15,59,True
1258,305,2020-04-25,40,False
443,919,2024-11-07,67,True
371,391,2025-11-21,6,True
229,990,2023-06-28,93,False
1067,289,2022-03-18,49,True
820,443,2025-02-26,23,True
1424,290,2024-06-15,81,True
935,10,2023-12-30,67,False
529,281,2024-08-04,54,True
108,557,2020-12-03,32,False
1073,217,2024-04-19,22,False
1232,356,2020-07-06,76,True
503,594,2021-03-31,27,False
327,475,2025-10-24,43,True
1471,259,2026-04-17,69,False
290,428,2023-09-14,37,False
200,69,2020-10-14,13,False
509,613,2022-10-04,15,True
1067,634,2021-10-24,23,False
1157,338,2025-05-08,25,True
1485,868,2023-01-20,69,False
1252,551,2024-09-29,14,True
1066,403,2024-05-11,39,True
1167,207,2020-08-11,32,True
860,201,2024-07-07,44,False
890,368,2022-08-31,7,False
1273,461,2020-10-07,90,False
468,844,2024-09-13,36,False
359,106,2026-03-16,67,False
1072,932,2021-07-26,85,False
33,15,2021-10-23,51,True
1475,821,2020-07-16,40,False
598,695,2025-07-23,11,True
373,355,2025-08-15,87,True
71,271,2023-06-13,25,False
1015,220,2025-01-24,37,True
1070,978,2021-11-05,54,True
1387,526,2025-02-25,84,False
777,387,2021-07-27,7,False
1130,437,2026-01-21,15,True
1058,838,2023-01-18,54,True
505,965,2020-10-12,25,False
364,257,2022-06-29,86,True
19,675,2023-08-13,42,False
1189,318,2022-01-06,30,True
37,786,2020-11-21,6,False
1247,653,2022-02-01,17,False
811,433,2021-12-23,42,True
413,274,2025-03-23,38,False
1428,962,2022-04-07,85,False
42,964,2024-12-21,73,True
1401,924,2024-05-09,76,True
420,441,2022-06-13,20,False
205,566,2023-10-03,17,True
961,191,2022-10-23,53,False
881,649,2020-07-01,52,False
190,49,2025-10-24,74,False
369,163,2023-05-11,92,True
601,638,2021-03-29,33,False
1168,997,2025-08-18,78,True
3,496,2024-03-22,82,False
1052,851,2022-05-22,33,False
548,668,2024-09-15,66,False
1173,382,2023-10-24,90,False
1497,117,2023-10-30,96,True
789,82,2025-05-29,60,False
1084,852,2022-02-01,67,True
935,280,2023-07-25,72,True
285,936,2020-08-30,32,True
401,461,2023-12-31,73,False
869,621,2020-01-05,10,False
758,796,2020-09-20,24,True
191,43,2023-03-19,60,True
631,785,2026-04-13,39,True
1042,71,2024-12-23,85,True
1345,981,2025-11-15,45,False
1180,530,2023-03-20,23,False
162,49,2020-03-13,70,False
1347,629,2021-06-29,89,False
163,4,2023-06-11,65,False
944,426,2025-12-27,32,False
1323,446,2023-11-04,81,False
274,190,2024-02-08,42,False
384,101,2022-12-30,4,False
689,62,2023-11-10,1,True
972,230,2021-06-04,85,True
430,323,2021-07-29,30,True
765,483,2022-03-29,86,False
1452,242,2020-03-24,74,False
802,415,2023-02-12,10,True
1368,773,2024-12-25,87,True
145,893,2023-05-15,79,False
1168,427,2025-02-12,6,False
668,368,2020-03-19,34,False
1008,759,2023-04-22,75,True
788,357,2020-07-20,45,True
1059,740,2025-04-19,69,False
1059,617,2025-10-27,43,False
662,508,2021-01-13,23,False
1195,549,2021-06-09,47,False
710,112,2021-07-18,30,False
357,517,2021-11-26,87,True
830,994,2021-02-19,6,True
617,113,2024-05-22,65,False
418,825,2024-09-22,66,True
927,805,2022-08-30,52,False
807,111,2024-06-27,4,True
802,278,2022-03-13,51,False
954,200,2025-01-25,19,False
1135,703,2020-04-16,30,True
807,124,2023-05-14,18,True
1171,859,2023-08-20,92,True
1015,155,2024-01-10,7,False
200,638,2021-07-05,22,True
1230,19,2021-07-02,3,False
834,825,2021-10-08,79,False
899,432,2024-03-22,26,True
776,654,2022-08-14,65,True
1069,247,2023-07-12,92,False
1303,512,2021-11-08,8,True
979,306,2023-07-26,95,False
401,859,2024-11-05,59,False
741,76,2023-03-07,40,False
905,370,2025-06-06,96,True
1389,706,2024-05-08,72,False
1213,544,2024-03-10,50,True
1328,347,2022-07-06,38,True
920,398,2023-11-21,48,False
886,131,2026-03-03,53,True
298,236,2020-01-31,9,True
1348,370,2020-07-10,77,True
869,623,2022-05-25,88,True
230,313,2020-08-21,16,True
629,175,2021-04-23,36,False
679,187,2023-07-05,75,True
267,723,2021-05-31,45,True
902,157,2024-12-05,59,False
961,281,2025-11-15,49,True
1336,421,2022-11-14,18,True
137,185,2025-05-28,34,False
711,717,2022-03-05,81,True
381,282,2026-03-27,92,True
428,230,2025-12-06,51,False
1440,854,2025-04-03,48,False
401,254,2023-03-14,93,True
1336,486,2020-05-12,43,False
715,120,2022-11-14,31,True
868,972,2024-02-24,87,False
1066,144,2020-08-24,91,True
439,717,2024-11-04,64,True
23,527,2020-10-30,66,False
20,693,2020-04-29,80,False
1318,203,2020-09-04,66,False
1021,180,2025-03-29,76,True
1435,599,2022-06-02,38,True
723,777,2025-03-23,85,True
468,956,2020-02-22,62,True
635,416,2022-06-18,37,False
510,633,2022-12-27,47,True
1159,831,2024-10-25,50,False
1384,502,2024-11-14,55,False
161,704,2021-11-23,59,False
1194,483,2020-07-14,2,False
981,403,2021-10-04,74,False
477,637,2023-03-20,38,True
555,148,2022-04-25,71,False
862,349,2025-12-13,64,False
1096,393,2023-04-06,18,False
1296,145,2025-07-23,87,True
538,289,2024-11-07,60,False
866,835,2024-08-14,32,True
1444,658,2024-10-16,72,False
1190,982,2025-03-13,95,True
358,3,2023-03-10,3,True
962,624,2020-02-03,83,True
1178,453,2023-04-25,27,True
1297,766,2023-09-09,40,False
1160,224,2024-01-07,11,True
499,129,2020-06-10,20,True
1263,955,2021-08-09,30,False
1038,520,2023-10-27,4,True
143,682,2023-03-18,44,True
88,913,2024-12-27,66,True
142,198,2021-01-14,97,False
152,956,2022-01-03,87,False
229,922,2023-06-07,26,False
895,914,2024-09-18,29,False
1290,375,2025-03-18,2,True
238,325,2021-06-18,28,False
774,729,2022-11-21,64,True
750,80,2023-03-07,31,True
548,102,2023-12-20,65,True
921,292,2025-01-12,93,False
772,162,2024-03-18,62,True
805,645,2020-11-23,66,False
507,525,2025-03-13,3,False
132,537,2025-10-06,77,True
248,542,2021-04-05,63,True
288,678,2025-08-17,5,False
1375,786,2021-02-17,27,False
1044,610,2021-09-03,71,False
761,172,2020-01-25,94,False
149,729,2024-06-18,60,False
1148,27,2021-05-15,67,True
637,262,2022-09-06,1,True
904,442,2025-09-24,51,True
1320,234,2023-02-20,6,True
406,428,2021-04-19,71,False
318,565,2021-06-12,30,False
631,235,2021-06-26,41,True
1090,773,2021-03-03,12,True
1093,165,2025-10-29,48,True
661,187,2026-03-20,78,True
191,243,2021-12-14,4,False
63,302,2020-09-15,16,False
206,6,2024-05-12,80,False
848,714,2025-01-29,36,True
686,410,2025-05-20,94,True
1210,876,2023-06-26,83,False
1459,166,2020-07-19,16,True
663,814,2023-12-21,57,True
14,720,2022-01-22,44,False
1087,435,2020-05-27,8,False
881,208,2025-02-09,94,False
1107,193,2024-12-01,64,True
1445,461,2026-02-14,15,False
653,296,2022-06-13,88,False
1164,37,2022-09-20,48,False
606,403,2021-11-18,23,True
593,671,2023-11-13,52,True
246,863,2024-06-16,52,False
979,684,2021-07-01,27,True
1431,150,2025-11-06,59,True
517,631,2022-12-15,43,False
814,974,2025-03-07,80,False
1114,450,2025-06-02,94,False
562,431,2025-03-24,44,True
791,747,2020-06-04,91,False
1445,136,2022-03-22,36,False
1460,624,2025-02-27,75,False
282,155,2024-09-12,89,True
181,857,2026-03-21,48,False
877,716,2022-04-08,1,True
1113,836,2023-05-23,43,True
145,880,2025-11-25,85,False
216,881,2022-08-28,99,False
945,961,2022-07-16,99,True
64,534,2025-07-16,20,False
1406,965,2022-01-05,38,False
169,305,2023-12-26,28,True
702,844,2020-11-17,88,False
79,142,2021-10-01,5,True
127,647,2024-02-25,16,False
1097,483,2020-01-10,80,True
1139,213,2020-01-15,67,True
151,399,2022-05-05,79,False
991,457,2021-06-25,81,True
174,505,2022-12-29,80,False
1418,860,2025-05-10,2,True
732,455,2021-06-22,35,True
139,718,2020-11-26,57,True
504,106,2020-03-13,94,True
320,206,2022-07-25,91,False
702,625,2025-07-30,65,True
11,53,2024-03-21,74,True
1370,367,2021-01-27,86,False
920,734,2023-01-25,1,False
930,246,2022-09-19,9,False
1314,328,2024-11-15,21,True
665,146,2026-03-17,55,False
590,903,2022-08-29,0,True
1173,832,2026-03-25,99,True
982,943,2022-05-02,31,True
998,822,2023-08-13,11,True
356,914,2025-08-06,51,True
363,714,2023-01-25,29,True
86,262,2021-10-06,94,True
1167,467,2024-07-04,30,False
811,178,2024-12-13,87,True
691,790,2021-11-27,46,False
254,685,2022-01-04,25,False
140,470,2021-04-10,6,True
227,12,2024-04-22,58,False
129,385,2024-10-06,25,True
205,469,2024-08-18,51,True
1352,738,2024-09-26,70,True
618,647,2023-10-14,83,False
2,588,2025-11-14,22,True
562,511,2021-04-28,59,True
809,928,2024-11-13,34,True
1041,540,2023-03-23,6,False
1192,229,2025-05-05,26,False
1432,686,2021-11-26,13,True
1190,656,2021-11-06,94,True
1499,221,2025-04-25,77,True
186,23,2025-11-24,15,False
10,891,2025-04-16,53,False
720,24,2021-10-15,63,True
1160,116,2024-03-15,55,False
471,348,2023-11-11,8,True
1078,380,2021-08-21,78,True
1442,905,2023-11-05,74,False
1248,888,2026-01-30,20,True
70,252,2024-03-16,41,True
478,862,2022-05-30,3,False
1463,106,2020-01-01,87,True
877,589,2025-04-02,24,False
1022,513,2025-06-16,90,True
1463,979,2022-01-09,22,True
768,110,2020-08-24,98,False
1129,238,2024-10-04,64,False
1147,410,2021-11-14,15,False
748,480,2021-10-10,51,True
180,993,2020-09-01,20,True
1094,906,2025-05-24,23,False
865,871,2022-07-21,30,True
1351,184,2024-10-29,95,True
1283,484,2025-03-14,97,False
741,351,2022-08-25,67,True
1459,861,2025-01-05,24,True
877,918,2025-08-04,2,True
865,407,2023-05-16,58,False
859,741,2023-06-04,59,False
1179,144,2020-05-02,75,False
1143,700,2025-10-14,25,False
806,910,2024-08-25,73,False
777,327,2023-03-09,94,False
837,949,2022-01-28,11,True
1071,775,2026-02-01,61,True
1297,443,2020-04-27,29,True
807,734,2025-12-20,15,True
844,262,2020-02-13,71,False
48,719,2025-08-16,91,True
1044,336,2023-02-19,4,False
27,829,2025-06-23,92,False
209,5,2023-08-11,100,False
1143,43,2025-08-29,69,False
72,276,2024-09-27,0,True
1263,837,2020-01-18,13,True
235,651,2023-05-27,55,True
827,374,2024-09-04,85,False
835,472,2021-04-27,92,True
432,540,2023-10-07,88,True
461,139,2023-07-10,4,False
345,74,2021-08-30,18,True
25,323,2024-11-10,97,False
1152,94,2024-09-30,48,False
1460,71,2025-09-09,50,True
426,358,2020-07-29,77,False
604,961,2025-05-13,2,True
537,117,2026-01-12,89,False
1058,804,2025-09-09,51,True
29,135,2024-08-25,100,True
1088,872,2023-11-07,94,False
179,493,2023-08-12,34,True
1453,493,2024-11-15,83,False
1167,731,2023-07-11,11,False
826,936,2023-11-12,47,False
834,699,2024-02-09,47,False
352,387,2024-03-05,93,False
1035,1000,2023-02-19,81,False
715,973,2021-01-10,17,False
1020,506,2022-10-18,63,False
310,725,2023-01-14,88,True
1340,47,2024-03-30,20,False
544,237,2020-10-18,47,True
194,871,2023-06-22,57,True
691,770,2024-03-03,44,False
1330,373,2024-12-07,9,True
812,262,2024-08-23,10,False
658,682,2021-03-19,43,False
1007,835,2025-01-10,30,False
545,812,2021-02-06,49,True
1325,345,2022-10-23,8,True
599,650,2021-05-23,95,False
355,56,2022-08-26,51,True
1198,555,2023-04-03,69,False
24,176,2023-06-18,53,True
56,769,2022-06-01,4,False
430,834,2023-12-03,9,False
974,688,2021-06-16,3,False
689,982,2023-09-02,37,True
933,211,2025-10-27,39,False
1210,668,2020-12-29,10,True
78,379,2025-01-26,5,True
554,76,2021-03-20,55,False
1364,993,2020-02-16,30,False
921,933,2022-06-04,27,False
91,253,2025-04-28,5,False
1209,674,2020-10-28,84,False
1009,949,2023-07-19,20,False
1289,767,2025-01-10,88,True
1018,839,2022-12-20,74,True
1066,687,2022-05-02,85,True
242,785,2023-10-23,59,False
96,469,2022-12-07,61,False
1498,69,2020-03-30,50,True
793,958,2021-04-26,86,False
646,526,2023-01-06,52,True
135,494,2023-03-24,92,False
214,340,2023-06-03,45,True
1249,501,2025-03-21,96,True
134,134,2020-09-19,46,False
51,503,2026-03-05,81,True
667,367,2025-08-19,88,False
1472,396,2020-03-08,57,False
1234,998,2021-07-18,54,False
858,678,2022-09-05,97,False
720,65,2023-04-06,55,True
15,368,2021-09-17,18,True
118,152,2023-08-18,37,False
1209,360,2026-03-30,95,False
45,480,2023-03-23,86,False
629,567,2025-04-26,40,False
1110,635,2020-11-26,28,True
163,692,2023-01-19,48,True
850,873,2026-02-06,15,True
1056,782,2023-11-26,44,True
1077,101,2021-06-22,64,False
1494,857,2024-01-18,84,False
887,216,2025-03-31,66,True
1320,360,2024-07-26,34,False
1258,277,2023-02-19,74,False
539,124,2024-12-23,62,False
1031,146,2021-04-30,50,False
1197,290,2024-06-05,42,True
383,521,2024-05-04,28,False
1296,399,2020-02-20,70,False
1422,913,2024-06-01,12,False
632,3,2025-04-11,53,True
803,915,2025-08-17,29,False
89,172,2021-12-05,54,True
1389,165,2021-04-10,72,False
954,276,2021-09-21,12,True
856,27,2023-10-07,61,False
353,420,2023-08-08,53,True
813,428,2026-01-06,40,False
302,539,2026-01-24,67,False
1256,219,2024-03-10,96,False
419,906,2022-05-10,44,False
1247,750,2020-01-10,5,True
1345,315,2020-09-25,12,False
863,64,2021-08-15,18,True
292,746,2021-10-18,82,True
1135,310,2022-02-23,98,True
440,697,2024-08-15,98,True
661,917,2024-08-06,14,True
826,203,2020-09-26,85,False
346,669,2024-01-10,70,False
585,909,2024-08-15,58,True
1047,261,2020-09-21,52,False
873,80,2026-03-29,13,False
190,728,2023-10-07,21,False
190,226,2025-05-14,55,False
497,394,2021-03-05,1,False
519,192,2020-09-01,92,True
1000,650,2026-02-19,13,False
1370,631,2021-11-18,98,False
1226,778,2026-03-29,5,False
939,497,2021-01-02,18,True
400,554,2021-10-30,91,True
1015,702,2023-01-05,52,False
503,79,2025-12-18,51,True
723,842,2020-08-08,62,True
798,718,2022-01-29,83,True
719,964,2025-08-03,25,True
828,355,2022-08-02,55,False
56,791,2021-06-20,87,False
73,194,2023-04-10,60,True
722,271,2020-12-30,88,False
476,321,2022-06-22,58,False
422,287,2024-10-19,67,True
151,529,2020-09-25,28,True
223,828,2021-12-06,99,True
1191,333,2020-11-25,18,True
330,82,2021-12-13,36,False
1103,705,2020-10-17,3,True
1095,369,2025-09-23,36,False
1428,557,2022-12-18,92,False
839,526,2025-10-07,47,True
1299,355,2021-12-04,19,True
293,913,2022-05-30,13,False
12,713,2024-03-20,16,False
629,31,2022-10-24,59,True
620,752,2023-08-04,87,True
176,295,2020-05-29,47,False
609,610,2020-06-23,70,True
347,56,2025-01-23,57,False
684,254,2023-11-13,87,False
1314,807,2020-06-27,60,False
1027,792,2023-01-02,11,True
711,702,2021-08-03,7,False
1050,805,2025-07-14,36,True
1213,462,2021-02-26,70,False
52,639,2025-04-22,88,True
492,542,2023-02-07,53,True
1284,275,2022-04-11,95,True
964,476,2024-05-20,18,True
1052,864,2021-03-27,97,False
643,218,2021-09-03,29,False
1082,392,2020-03-12,7,True
983,481,2025-12-01,38,True
1294,311,2023-10-03,33,True
649,666,2021-12-10,86,False
757,932,2020-01-09,26,False
320,23,2024-12-31,98,False
1250,655,2025-10-22,1,False
847,861,2022-05-19,93,False
964,897,2023-05-08,42,False
401,413,2025-09-11,42,False
287,80,2022-07-18,75,True
1154,307,2023-06-08,21,True
727,734,2023-01-10,47,False
1394,342,2022-11-05,92,True
946,953,2025-10-10,3,True
1106,213,2023-07-10,64,False
371,507,2020-05-28,35,True
956,833,2024-02-06,9,True
498,175,2025-07-06,7,False
1337,570,2025-07-16,86,True
799,969,2021-09-02,92,False
1328,106,2024-12-28,67,False
148,649,2025-09-17,13,True
1180,846,2020-11-30,18,True
963,765,2024-03-07,29,True
874,745,2021-10-09,87,True
857,485,2025-03-06,39,True
399,301,2020-08-10,93,False
1308,108,2025-12-09,0,False
196,986,2023-03-06,69,False
663,718,2021-05-06,13,True
1206,764,2025-04-15,25,True
997,57,2020-09-30,60,False
1412,24,2020-07-22,50,False
1166,90,2026-02-23,41,True
227,832,2022-11-10,84,True
1379,659,2020-10-25,54,True
6,7,2022-12-24,40,True
117,682,2022-05-25,47,False
498,143,2023-02-04,72,True
369,502,2021-01-03,16,False
1398,142,2023-08-22,63,False
20,248,2020-11-14,77,False
710,122,2022-07-22,45,True
952,103,2021-02-20,0,True
810,819,2024-08-22,94,True
28,245,2025-06-24,17,True
765,866,2020-02-08,46,False
996,709,2024-05-07,49,True
1093,148,2020-12-28,96,False
1233,568,2025-10-25,89,True
1323,151,2024-04-01,64,True
771,217,2024-09-07,16,False
467,149,2026-02-28,56,True
754,875,2022-02-09,91,False
758,803,2025-11-29,76,False
328,217,2025-05-05,78,False
63,978,2025-12-06,40,True
525,686,2023-07-04,17,False
1035,827,2026-02-20,45,False
674,177,2024-12-27,4,False
1246,404,2023-02-02,37,False
130,149,2022-11-12,69,False
804,135,2026-04-29,61,False
947,182,2024-06-27,44,False
959,484,2020-06-22,66,False
187,467,2024-07-03,76,False
1278,463,2020-05-07,95,True
557,778,2022-08-29,81,False
218,430,2024-10-02,67,True
527,788,2023-10-13,52,False
496,582,2020-07-08,66,True
1299,298,2024-08-18,57,True
1001,32,2025-03-21,8,False
1355,160,2020-10-11,89,False
694,129,2021-05-02,43,True
123,722,2023-01-07,52,False
1409,493,2025-06-27,45,False
322,684,2021-09-02,85,False
197,758,2023-06-22,71,True
1046,990,2021-09-17,5,False
1419,105,2026-04-14,15,True
686,874,2025-01-28,93,False
124,121,2020-11-23,56,True
326,418,2025-08-29,54,True
170,73,2020-06-05,19,True
321,284,2022-12-29,21,False
78,345,2025-04-23,88,True
443,906,2026-03-25,22,True
320,23,2022-06-01,11,False
1219,92,2024-06-25,90,True
1120,923,2026-02-04,80,True
113,370,2025-10-01,99,True
531,315,2025-09-15,41,True
571,326,2021-12-09,0,False
104,851,2023-07-07,92,False
885,320,2020-04-15,70,True
683,894,2024-10-06,41,True
989,874,2020-09-30,84,False
39,734,2024-04-16,15,True
1147,685,2022-01-01,29,False
1264,752,2025-08-12,45,False
466,835,2021-09-01,4,True
96,344,2022-04-10,47,True
290,153,2025-05-14,64,True
1351,631,2024-03-21,74,True
947,265,2023-08-02,10,True
4,984,2020-02-04,52,True
1322,937,2025-02-22,24,True
361,576,2024-12-13,9,True
984,985,2024-03-09,89,True
1268,237,2025-05-23,14,True
488,593,2023-03-24,18,True
850,143,2021-11-15,16,False
1370,495,2025-05-13,41,True
638,208,2023-02-26,60,False
647,19,2024-09-08,81,True
420,280,2021-02-28,20,True
852,922,2025-07-01,22,True
791,918,2025-05-30,44,True
309,261,2021-11-19,38,False
271,469,2022-07-10,72,True
943,888,2021-12-25,99,False
1371,21,2025-12-06,11,False
692,884,2025-07-23,19,True
356,429,2021-02-15,98,True
164,189,2024-11-11,10,False
241,382,2020-11-11,44,True
857,216,2024-03-20,83,True
1094,488,2022-11-06,63,True
745,182,2020-10-13,60,False
974,948,2024-03-14,99,True
1147,416,2024-02-18,50,False
936,247,2020-02-06,12,False
489,226,2024-05-09,62,False
889,398,2026-02-16,18,True
1336,499,2021-04-17,49,True
1271,322,2023-11-30,66,True
1425,893,2022-04-23,28,True
504,65,2024-01-13,20,True
443,42,2025-07-18,40,True
673,639,2021-11-16,66,True
504,954,2020-02-22,53,True
1223,732,2022-10-01,30,False
1141,364,2023-10-12,71,False
1216,682,2025-12-20,93,False
725,96,2025-11-04,56,False
346,845,2026-02-05,50,True
1188,444,2024-05-21,62,False
1494,453,2021-06-12,0,True
343,512,2021-09-11,65,False
741,895,2020-07-09,22,False
1289,667,2024-11-09,19,True
190,897,2020-07-29,67,False
1096,933,2020-01-13,67,False
1500,132,2020-09-21,94,False
739,682,2020-02-06,39,False
364,76,2023-05-08,100,False
498,258,2022-10-22,23,True
1020,970,2021-06-24,19,True
462,383,2020-10-29,88,False
712,792,2022-11-28,22,True
624,73,2023-04-09,93,False
350,52,2024-03-07,56,False
607,571,2022-09-13,51,False
700,692,2025-04-15,60,True
1364,297,2023-08-22,66,True
191,111,2024-11-05,29,False
1500,444,2022-03-26,100,False
1004,575,2020-01-31,40,True
900,892,2020-07-02,52,False
1413,112,2024-01-31,85,True
255,807,2023-07-09,73,True
1410,283,2020-03-19,23,False
948,693,2021-06-15,5,False
948,76,2021-11-07,27,True
1132,571,2023-11-01,78,True
748,65,2025-09-16,6,False
1457,139,2021-11-14,97,True
723,891,2021-02-05,39,False
1183,679,2023-12-12,84,False
398,148,2022-12-09,58,True
919,602,2022-07-05,14,True
341,710,2024-09-07,54,True
195,845,2020-12-03,9,True
222,613,2022-04-16,62,True
431,116,2026-04-21,66,False
1263,305,2025-08-25,96,False
998,428,2023-10-26,41,False
637,5,2023-07-05,40,True
1048,950,2021-03-15,88,True
41,622,2020-10-16,51,True
552,128,2022-06-17,39,False
461,434,2020-06-19,7,False
732,787,2022-08-04,76,False
176,654,2025-09-01,96,True
1476,110,2026-03-20,79,True
986,709,2025-01-11,11,True
1429,142,2023-11-12,30,True
940,622,2020-03-02,88,False
976,137,2020-07-07,59,True
525,305,2024-11-26,33,False
1032,6,2026-01-22,73,False
1071,511,2024-02-09,26,False
1471,118,2022-11-30,58,True
1163,19,2023-07-09,29,False
1094,741,2023-03-26,15,False
489,41,2021-02-03,4,True
772,692,2023-09-10,30,True
1464,633,2021-08-23,1,True
1480,135,2022-02-08,64,False
769,784,2021-05-08,37,True
621,286,2020-01-13,29,True
1133,874,2020-07-13,24,True
1115,81,2023-01-13,65,False
1119,775,2021-07-21,69,True
1310,907,2021-10-23,66,False
967,349,2023-11-26,49,True
240,908,2022-03-04,15,True
255,962,2022-04-24,81,True
712,464,2023-12-01,69,False
1311,622,2022-04-17,94,False
957,744,2025-06-06,96,False
800,923,2023-12-03,38,True
1370,966,2022-11-13,41,False
1158,70,2022-05-15,2,True
693,287,2020-11-01,57,True
986,41,2021-06-13,73,False
97,398,2023-10-08,26,False
1145,505,2024-05-02,12,True
50,150,2025-02-02,23,False
452,486,2025-09-28,89,False
1020,327,2021-02-18,16,False
951,652,2020-12-18,87,False
874,299,2021-09-24,44,False
376,76,2025-11-21,29,True
298,360,2022-03-14,81,False
1133,40,2025-12-07,68,True
812,505,2025-10-19,90,False
349,101,2022-08-23,12,True
127,991,2023-03-27,32,True
1279,451,2020-04-06,81,False
256,857,2023-08-21,97,True
857,158,2023-04-13,36,False
1231,227,2022-09-09,96,False
972,862,2025-01-24,71,True
435,218,2021-08-31,34,False
338,93,2020-03-29,22,True
1266,116,2021-07-16,9,True
1363,675,2025-03-25,3,True
889,757,2021-12-19,4,True
75,866,2022-10-24,72,False
1008,952,2024-10-21,3,True
510,896,2021-10-19,81,True
56,168,2021-09-12,37,False
1453,724,2023-12-03,35,True
1095,168,2023-05-07,79,True
211,382,2021-01-17,20,True
1481,555,2022-07-11,11,False
1056,860,2022-01-02,33,False
1172,475,2022-03-29,17,False
1329,538,2021-09-12,6,False
96,516,2021-04-20,40,True
738,330,2024-03-03,73,True
1271,647,2020-06-09,83,False
772,647,2026-03-17,99,True
898,943,2024-10-15,29,False
721,176,2024-10-11,26,False
1307,669,2021-06-22,80,True
1128,254,2024-11-25,57,False
109,354,2024-08-06,31,True
259,861,2022-07-14,54,False
1491,275,2025-09-27,75,False
706,840,2021-01-09,17,False
683,290,2021-03-02,99,False
113,538,2022-10-02,91,False
1487,530,2020-09-20,64,True
791,899,2025-07-04,70,True
937,824,2023-04-06,90,True
325,31,2023-03-27,16,False
1180,170,2023-12-17,79,True
679,338,2020-02-04,88,True
1498,535,2024-12-09,83,False
543,769,2023-04-18,42,True
543,428,2020-11-02,26,True
491,442,2025-05-26,28,True
713,270,2023-09-11,67,False
418,380,2025-02-07,38,True
944,384,2021-11-22,15,False
1143,946,2021-10-29,62,True
456,316,2024-05-28,32,True
978,468,2020-10-22,59,True
1,240,2024-01-06,38,False
315,678,2020-03-23,38,False
6,529,2021-08-05,10,False
824,767,2025-03-18,61,True
456,676,2020-10-08,57,False
947,69,2021-10-06,28,True
925,510,2020-05-01,73,False
1458,128,2023-11-08,43,True
1066,535,2026-02-09,61,True
1255,646,2024-10-06,75,True
400,275,2021-02-01,86,False
802,642,2020-06-10,31,False
149,738,2021-10-21,55,True
1111,796,2023-06-26,84,False
432,785,2025-07-22,14,False
523,837,2022-03-08,27,False
636,649,2022-02-04,6,False
875,502,2020-06-23,54,True
246,862,2025-06-16,25,True
1357,737,2021-10-20,70,True
1313,205,2025-04-06,39,False
450,143,2025-07-04,11,False
1133,776,2021-06-28,7,True
84,319,2021-09-29,32,False
733,39,2020-06-14,84,False
1095,179,2025-07-26,55,True
940,763,2023-07-18,37,False
666,974,2023-01-17,95,True
1495,860,2025-08-19,29,True
1438,692,2023-12-25,88,True
1283,333,2020-11-26,86,False
792,777,2025-04-12,7,False
1350,21,2020-12-02,80,True
921,914,2022-09-16,39,False
356,341,2022-07-06,27,False
843,236,2020-09-01,42,False
756,343,2020-11-07,34,True
787,809,2022-02-03,0,True
166,540,2021-07-28,21,False
815,270,2021-04-10,88,True
496,479,2022-09-09,77,True
1289,98,2024-12-14,75,True
1427,700,2022-04-15,7,True
171,856,2025-07-17,49,False
972,587,2026-02-04,58,True
1103,692,2024-09-21,36,True
564,42,2024-04-12,54,True
655,814,2021-09-04,53,True
620,80,2022-12-08,69,False
417,939,2023-03-27,77,True
197,815,2024-10-07,25,False
1263,956,2025-09-09,28,True
410,88,2022-04-01,52,False
1167,146,2021-06-29,41,False
619,83,2020-09-01,59,True
1320,415,2020-04-15,1,True
484,449,2020-07-27,58,True
711,393,2021-03-24,64,True
883,308,2022-12-12,2,False
774,996,2024-09-01,77,False
82,475,2020-06-21,84,True
497,215,2022-01-23,71,True
963,170,2025-12-28,56,False
982,659,2023-08-01,82,False
780,920,2025-08-18,97,True
363,453,2022-07-14,88,False
1447,768,2021-04-01,75,True
351,878,2024-09-01,5,False
18,907,2025-08-04,66,True
342,915,2025-11-26,81,True
452,572,2021-07-23,12,True
444,283,2020-04-17,81,True
272,518,2023-05-06,46,True
254,720,2025-03-27,4,False
665,820,2026-03-03,17,False
210,481,2021-08-03,5,False
570,272,2025-01-16,3,True
417,782,2020-01-14,65,False
138,860,2026-01-04,99,True
66,685,2025-08-13,15,False
1477,765,2021-11-18,72,False
385,65,2022-03-11,53,False
1075,141,2021-06-10,49,True
1428,904,2022-12-31,52,False
601,262,2024-06-13,91,False
380,780,2024-12-21,0,True
175,928,2022-10-14,23,True
829,396,2021-10-25,67,True
610,672,2023-03-15,75,True
232,654,2025-10-15,38,False
699,897,2020-09-21,70,True
988,800,2022-06-10,1,False
349,588,2021-08-07,49,True
1225,854,2023-04-14,17,False
1481,559,2020-01-24,30,True
574,32,2021-09-05,25,True
1095,192,2024-02-07,61,True
1093,142,2024-02-24,91,True
800,630,2020-06-21,97,True
774,409,2021-03-17,50,False
480,826,2026-01-08,97,False
1090,546,2020-02-18,51,False
1267,217,2023-02-06,80,True
710,312,2021-07-22,99,True
314,590,2024-04-08,54,False
897,705,2024-05-03,3,False
1188,387,2022-09-11,64,False
94,422,2020-11-18,4,False
1073,223,2020-03-26,90,True
258,261,2024-12-28,95,True
1374,367,2021-11-30,98,True
237,776,2020-01-04,88,True
1459,640,2021-12-23,9,False
765,870,2020-10-31,39,True
215,885,2023-02-21,27,False
45,372,2022-04-24,47,False
559,908,2023-06-27,87,False
1199,221,2023-08-16,70,True
427,231,2025-08-12,5,False
665,863,2021-12-25,43,False
49,387,2020-08-18,31,True
782,936,2021-02-11,50,False
452,357,2022-10-31,25,False
322,660,2024-10-27,94,True
1126,234,2022-10-22,97,False
842,325,2022-09-26,81,True
636,911,2023-12-09,93,False
818,480,2026-03-08,5,False
849,153,2021-11-26,28,True
1287,766,2024-02-28,47,False
257,573,2024-09-24,62,False
409,540,2020-11-06,85,True
120,403,2022-12-15,28,True
1025,66,2020-06-15,34,False
949,227,2024-08-17,14,False
840,779,2022-01-16,100,False
1332,505,2023-05-01,4,False
847,607,2021-12-17,48,False
1170,404,2020-03-28,43,False
342,649,2023-02-18,10,True
805,421,2025-06-23,84,False
551,440,2020-07-10,20,True
885,858,2024-10-19,88,True
525,295,2021-12-02,49,False
322,356,2020-05-12,100,False
197,366,2021-05-05,47,False
113,276,2023-04-12,81,False
728,323,2025-10-11,98,False
1403,907,2025-06-06,70,False
32,900,2021-04-18,19,False
1347,401,2025-02-06,92,True
95,244,2025-08-12,65,True
1359,432,2025-05-17,22,False
88,254,2022-03-03,99,True
979,141,2023-02-23,88,False
895,753,2024-01-14,25,False
104,329,2021-10-25,38,False
21,41,2022-07-29,42,False
63,61,2024-09-24,77,True
1204,274,2024-09-28,15,True
755,42,2020-10-25,39,False
1043,302,2025-06-08,15,False
263,951,2023-06-26,42,False
303,77,2026-04-14,65,True
363,648,2023-09-11,69,False
1398,169,2021-02-20,26,True
600,843,2020-01-11,82,True
296,487,2025-05-10,35,True
1224,499,2020-06-05,95,True
1133,819,2021-01-16,69,True
481,941,2023-01-13,12,False
1197,689,2025-06-15,52,False
593,583,2026-02-18,57,True
757,540,2023-07-15,74,False
439,642,2020-10-21,61,False
462,294,2020-10-17,15,False
336,393,2023-02-14,90,True
411,528,2021-05-01,19,True
793,464,2020-01-05,89,True
458,669,2023-11-13,16,True
35,265,2020-02-15,100,False
1462,561,2023-01-10,6,False
1120,888,2025-03-17,2,False
377,334,2021-03-06,73,False
613,381,2021-07-27,18,False
402,520,2020-02-04,62,True
644,371,2021-06-08,72,True
97,483,2024-01-26,36,False
367,315,2023-03-07,42,True
467,784,2020-03-04,58,True
1106,409,2024-04-03,49,True
1392,829,2024-06-09,18,False
1007,957,2024-06-08,28,True
79,219,2025-03-14,60,False
1405,31,2021-09-28,64,True
205,92,2025-07-07,13,False
1132,865,2023-10-31,16,True
1095,857,2023-09-15,92,True
1476,69,2020-10-20,53,True
1285,667,2020-07-31,43,False
4,829,2025-09-21,95,False
274,724,2021-01-19,77,True
720,178,2026-02-10,55,False
146,296,2021-05-18,99,True
1043,338,2022-02-19,4,True
820,109,2025-04-24,82,False
188,989,2025-02-15,96,True
605,705,2025-12-13,77,True
248,163,2021-09-25,85,True
470,564,2021-05-12,63,True
22,461,2020-02-24,91,False
867,559,2022-08-16,10,True
151,966,2020-05-05,30,False
441,245,2023-02-16,99,False
902,609,2020-08-04,25,True
1380,149,2020-09-28,65,False
551,936,2025-03-15,30,False
676,376,2021-07-22,19,False
812,43,2020-02-09,89,False
680,793,2026-03-18,85,False
1330,604,2023-09-17,17,False
1132,742,2023-12-31,73,False
213,154,2025-12-14,1,True
1445,37,2020-11-19,4,False
131,5,2023-07-25,42,False
98,249,2025-12-07,20,False
1382,754,2020-08-17,99,True
216,758,2024-05-18,22,False
48,988,2022-08-27,83,True
371,124,2020-11-24,15,False
5,204,2021-06-28,97,False
352,64,2025-08-30,51,False
1067,605,2024-05-06,12,True
337,85,2023-04-06,50,False
369,738,2022-11-13,86,True
899,972,2024-06-12,11,False
1459,535,2021-07-25,67,True
105,972,2024-08-20,5,False
1161,420,2021-09-28,3,True
159,279,2024-07-13,96,True
356,822,2024-08-04,93,False
446,52,2023-09-13,77,True
308,207,2021-11-28,50,False
801,83,2025-07-05,82,True
1294,174,2020-12-06,33,False
1120,596,2021-03-31,20,False
1252,884,2022-07-09,29,True
170,759,2020-11-16,52,True
1055,38,2025-03-23,51,True
1464,923,2024-05-20,2,True
148,326,2023-01-17,86,True
119,891,2024-03-31,23,False
1375,478,2021-12-19,71,True
45,89,2020-08-08,88,True
583,471,2023-02-14,43,True
705,131,2025-07-20,98,False
759,937,2022-02-14,98,False
489,1,2022-05-27,95,True
1216,401,2026-04-23,46,True
782,142,2025-08-17,25,True
212,38,2025-07-01,29,True
974,85,2024-08-23,6,True
541,654,2022-10-29,23,False
1256,36,2020-12-22,37,False
1379,567,2023-08-16,33,True
969,258,2024-09-10,26,True
1430,526,2022-02-01,90,True
300,579,2025-08-25,42,False
921,323,2023-11-17,59,False
405,738,2024-10-30,7,False
1262,665,2025-12-09,5,False
241,331,2021-09-02,84,True
54,412,2024-02-27,16,True
268,37,2025-06-02,97,False
365,392,2023-02-13,94,True
417,561,2023-04-26,2,False
211,921,2026-04-28,2,False
1065,193,2022-05-05,60,True
1082,543,2024-02-09,95,True
640,770,2020-01-25,29,False
826,415,2023-09-11,40,True
445,226,2024-03-28,34,True
767,188,2023-10-10,81,True
1321,135,2023-10-14,9,True
1383,523,2025-03-23,69,False
1438,138,2025-08-25,18,True
772,747,2023-05-24,78,True
767,15,2022-04-25,24,False
1207,538,2022-01-11,96,False
388,96,2025-01-08,18,True
366,16,2025-11-21,83,False
1412,30,2025-11-09,35,False
1413,224,2023-03-19,3,False
1133,715,2020-12-04,34,False
1412,397,2021-07-11,40,True
1296,632,2023-11-16,87,True
395,523,2022-02-26,64,True
248,103,2024-01-14,76,False
390,690,2026-04-24,6,True
1455,687,2022-10-30,86,False
249,133,2025-07-24,87,False
1104,14,2025-08-20,90,True
502,196,2020-02-12,29,True
459,792,2024-10-31,42,False
1118,47,2021-08-24,71,False
715,48,2025-05-02,55,False
1368,99,2020-05-02,57,False
227,883,2020-02-24,28,False
1463,761,2025-12-15,16,False
91,768,2021-06-18,53,False
1030,428,2020-01-12,11,False
602,589,2021-04-18,41,False
383,537,2020-06-11,100,False
1229,105,2021-01-07,11,False
794,118,2025-02-19,26,True
378,598,2020-10-01,34,False
261,891,2024-06-30,30,True
91,732,2024-12-31,16,True
614,292,2024-07-31,53,False
1067,674,2026-04-23,28,False
717,870,2023-12-06,47,True
1252,742,2021-10-11,9,True
356,427,2023-06-10,76,False
1038,624,2021-02-20,82,False
313,877,2020-11-09,35,False
457,918,2024-04-02,40,False
98,57,2020-11-21,4,True
540,991,2020-03-16,85,True
1214,755,2022-03-12,94,False
979,969,2025-09-24,75,True
339,193,2023-06-25,77,False
583,979,2025-07-29,19,True
529,346,2023-09-11,48,True
488,512,2024-05-04,90,True
897,88,2023-08-18,43,True
420,490,2025-02-24,90,False
1056,306,2021-09-04,4,False
87,173,2023-04-26,2,False
1418,424,2025-06-07,14,True
442,341,2020-02-21,42,False
1027,266,2025-09-18,89,True
89,281,2024-07-14,98,True
1134,606,2025-08-07,44,False
341,484,2020-03-31,44,False
450,923,2024-07-27,38,False
1462,658,2025-03-14,14,True
413,739,2020-08-27,36,True
